x,y,t
5.0,5.0,0.0
5.001976485082999,5.070590230717568,0.07919828438379511
5.003952970165996,5.141180461435137,0.15839656876759023
5.005929455248995,5.2117706921527045,0.23759485315138534
5.007905940331993,5.282360922870273,0.31679313753518046
5.009882425414991,5.352951153587841,0.3959914219189756
5.011858910497989,5.42354138430541,0.4751897063027707
5.013835395580988,5.494131615022978,0.5543879906865659
5.015811880663986,5.5647218457405465,0.6335862750703609
5.017788365746984,5.635312076458114,0.712784559454156
5.019764850829983,5.705902307175682,0.7919828438379511
5.0217413359129806,5.776492537893251,0.8711811282217463
5.023717820995979,5.847082768610819,0.9503794126055414
5.025694306078977,5.917672999328388,1.0295776969893364
5.027670791161976,5.9882632300459555,1.1087759813731317
5.029647276244974,6.058853460763524,1.1879742657569268
5.031623761327972,6.129443691481092,1.2671725501407218
5.033600246410971,6.20003392219866,1.346370834524517
5.035576731493968,6.270624152916229,1.425569118908312
5.037553216576967,6.341214383633797,1.5047674032921072
5.039529701659965,6.411804614351365,1.5839656876759023
5.041506186742963,6.482394845068933,1.6631639720596973
5.043482671825962,6.552985075786502,1.7423622564434926
5.04545915690896,6.62357530650407,1.8215605408272877
5.047435641991958,6.694165537221638,1.9007588252110827
5.049412127074956,6.7647557679392065,1.9799571095948778
5.051388612157955,6.835345998656774,2.059155393978673
5.0533650972409525,6.905936229374342,2.138353678362468
5.055341582323951,6.976526460091911,2.2175519627462634
5.05731806740695,7.04711669080948,2.2967502471300585
5.0592945524899475,7.117706921527048,2.3759485315138535
5.061271037572946,7.1882971522446155,2.4551468158976486
5.063247522655944,7.258887382962184,2.5343451002814437
5.0652240077389425,7.329477613679752,2.6135433846652387
5.06720049282194,7.40006784439732,2.692741669049034
5.069176977904939,7.470658075114889,2.771939953432829
5.071153462987938,7.5412483058324575,2.851138237816624
5.073129948070935,7.611838536550025,2.9303365222004194
5.075106433153934,7.682428767267593,3.0095348065842145
5.077082918236932,7.753018997985162,3.0887330909680095
5.07905940331993,7.823609228702731,3.1679313753518046
5.081035888402928,7.894199459420298,3.2471296597355996
5.083012373485927,7.9647896901378665,3.3263279441193947
5.084988858568925,8.035379920855435,3.4055262285031898
5.086965343651923,8.105970151573004,3.4847245128869853
5.088941828734922,8.176560382290571,3.5639227972707803
5.0909183138179195,8.24715061300814,3.6431210816545754
5.092894798900918,8.317740843725709,3.7223193660383704
5.094871283983916,8.388331074443276,3.8015176504221655
5.0968477690669145,8.458921305160844,3.8807159348059606
5.098824254149912,8.529511535878413,3.9599142191897556
5.100800739232911,8.600101766595982,4.039112503573551
5.1027772243159095,8.670691997313549,4.118310787957346
5.104753709398907,8.741282228031118,4.197509072341141
5.106730194481906,8.811872458748685,4.276707356724936
5.108706679564904,8.882462689466255,4.355905641108731
5.110683164647902,8.953052920183822,4.435103925492527
5.112659649730901,9.02364315090139,4.5143022098763215
5.114636134813899,9.09423338161896,4.593500494260117
5.116612619896897,9.164823612336527,4.672698778643912
5.118589104979895,9.235413843054095,4.751897063027707
5.120565590062894,9.306004073771664,4.831095347411502
5.122542075145891,9.376594304489231,4.910293631795297
5.12451856022889,9.4471845352068,4.989491916179092
5.126495045311888,9.517774765924369,5.068690200562887
5.1284715303948865,9.588364996641937,5.147888484946683
5.130448015477885,9.658955227359504,5.2270867693304774
5.132424500560883,9.729545458077073,5.306285053714273
5.1344009856438815,9.80013568879464,5.385483338098068
5.136377470726879,9.87072591951221,5.464681622481863
5.138353955809878,9.941316150229778,5.543879906865658
5.140330440892876,10.011906380947346,5.623078191249453
5.142306925975874,10.082496611664915,5.702276475633248
5.144283411058873,10.153086842382482,5.781474760017043
5.146259896141871,10.22367707310005,5.860673044400839
5.148236381224869,10.29426730381762,5.939871328784633
5.150212866307867,10.364857534535187,6.019069613168429
5.152189351390866,10.435447765252755,6.0982678975522235
5.154165836473863,10.506037995970324,6.177466181936019
5.156142321556862,10.576628226687891,6.256664466319814
5.158118806639861,10.647218457405462,6.335862750703609
5.160095291722858,10.717808688123029,6.415061035087405
5.162071776805857,10.788398918840596,6.494259319471199
5.164048261888855,10.858989149558166,6.573457603854995
5.166024746971853,10.929579380275733,6.652655888238789
5.168001232054851,11.000169610993302,6.731854172622585
5.16997771713785,11.07075984171087,6.8110524570063795
5.1719542022208485,11.141350072428438,6.890250741390175
5.173930687303846,11.211940303146008,6.9694490257739705
5.175907172386845,11.282530533863575,7.048647310157765
5.177883657469843,11.353120764581142,7.127845594541561
5.179860142552841,11.42371099529871,7.207043878925355
5.181836627635839,11.49430122601628,7.286242163309151
5.183813112718838,11.564891456733847,7.365440447692945
5.185789597801836,11.635481687451417,7.444638732076741
5.245195314332997,11.776476270941194,7.5238370164605355
5.322950498175492,11.939966060046519,7.603035300844331
5.400705682017986,12.103455849151846,7.6822335852281265
5.47846086586048,12.26694563825717,7.761431869611921
5.556216049702975,12.430435427362497,7.840630153995717
5.63397123354547,12.59392521646782,7.919828438379511
5.711726417387965,12.757415005573147,7.999026722763307
5.7894816012304595,12.920904794678473,8.078225007147102
5.867236785072953,13.084394583783798,8.157423291530897
5.944991968915447,13.247884372889121,8.236621575914691
6.022747152757944,13.41137416199445,8.315819860298488
6.100502336600438,13.574863951099774,8.395018144682282
6.178257520442932,13.738353740205099,8.474216429066077
6.256012704285426,13.901843529310423,8.553414713449872
6.333767888127921,14.065333318415751,8.632612997833668
6.411523071970416,14.228823107521075,8.711811282217463
6.48927825581291,14.3923128966264,8.791009566601257
6.567033439655406,14.555802685731727,8.870207850985054
6.6447886234979,14.719292474837053,8.949406135368848
6.722543807340394,14.882782263942376,9.028604419752643
6.800298991182888,15.046272053047701,9.107802704136438
6.878054175025384,15.209761842153029,9.187000988520234
6.955809358867878,15.373251631258354,9.266199272904029
7.033564542710372,15.536741420363677,9.345397557287823
7.111319726552866,15.700231209469003,9.424595841671618
7.189074910395362,15.86372099857433,9.503794126055414
7.266830094237856,16.027210787679653,9.582992410439209
7.34458527808035,16.190700576784977,9.662190694823003
7.422340461922847,16.354190365890307,9.7413889792068
7.50009564576534,16.51768015499563,9.820587263590594
7.577850829607835,16.681169944100954,9.899785547974389
7.6556060134503285,16.844659733206278,9.978983832358184
7.733361197292824,17.00814952231161,10.05818211674198
7.811116381135319,17.171639311416932,10.137380401125775
7.888871564977812,17.335129100522256,10.21657868550957
7.966626748820309,17.498618889627586,10.295776969893366
8.044381932662802,17.66210867873291,10.37497525427716
8.122137116505296,17.825598467838233,10.454173538660955
8.199892300347791,17.989088256943557,10.53337182304475
8.277647484190286,18.152578046048887,10.612570107428546
8.35540266803278,18.31606783515421,10.69176839181234
8.433157851875276,18.479557624259535,10.770966676196135
8.51091303571777,18.64304741336486,10.850164960579932
8.588668219560265,18.80653720247019,10.929363244963726
8.666423403402758,18.970026991575512,11.00856152934752
8.744178587245253,19.133516780680836,11.087759813731315
8.82193377108775,19.297006569786163,11.166958098115112
8.899688954930243,19.460496358891486,11.246156382498906
8.977444138772738,19.62398614799681,11.325354666882701
9.05519932261523,19.787475937102137,11.404552951266496
9.12145048475727,19.9296515149978,11.483751235650292
9.123254773780276,19.952422392413197,11.562949520034087
9.125059062803285,19.975193269828598,11.642147804417881
9.126863351826291,19.997964147243994,11.721346088801678
9.128667640849297,20.02073502465939,11.800544373185472
9.130471929872305,20.043505902074788,11.879742657569267
9.132276218895312,20.066276779490185,11.958940941953061
9.134080507918318,20.089047656905585,12.038139226336858
9.135884796941326,20.11181853432098,12.117337510720652
9.137689085964332,20.13458941173638,12.196535795104447
9.139493374987339,20.15736028915178,12.275734079488243
9.141297664010347,20.180131166567175,12.354932363872038
9.143101953033353,20.202902043982572,12.434130648255833
9.14490624205636,20.22567292139797,12.513328932639627
9.146710531079368,20.24844379881337,12.592527217023424
9.148514820102374,20.271214676228766,12.671725501407218
9.15031910912538,20.293985553644163,12.750923785791013
9.152123398148388,20.31675643105956,12.83012207017481
9.153927687171395,20.33952730847496,12.909320354558604
9.155731976194401,20.362298185890356,12.988518638942399
9.157536265217407,20.385069063305753,13.067716923326193
9.159340554240416,20.40783994072115,13.14691520770999
9.161144843263422,20.43061081813655,13.226113492093784
9.162949132286428,20.453381695551947,13.305311776477579
9.164753421309436,20.476152572967344,13.384510060861375
9.166557710332443,20.49892345038274,13.46370834524517
9.168361999355449,20.52169432779814,13.542906629628964
9.170166288378457,20.544465205213537,13.622104914012759
9.171970577401463,20.567236082628934,13.701303198396555
9.17377486642447,20.59000696004433,13.78050148278035
9.175579155447478,20.61277783745973,13.859699767164145
9.177383444470484,20.635548714875128,13.938898051547941
9.17918773349349,20.658319592290525,14.018096335931736
9.180992022516499,20.68109046970592,14.09729462031553
9.182796311539505,20.703861347121318,14.176492904699325
9.184600600562511,20.72663222453672,14.255691189083121
9.18640488958552,20.749403101952115,14.334889473466916
9.188209178608526,20.772173979367512,14.41408775785071
9.190013467631532,20.79494485678291,14.493286042234505
9.19181775665454,20.81771573419831,14.572484326618302
9.193622045677547,20.840486611613706,14.651682611002096
9.195426334700553,20.863257489029102,14.73088089538589
9.197230623723561,20.886028366444503,14.810079179769687
9.199034912746567,20.9087992438599,14.889277464153482
9.200839201769574,20.931570121275296,14.968475748537276
9.20264349079258,20.954340998690693,15.047674032921071
9.204447779815588,20.977111876106093,15.126872317304867
9.206252068838594,20.99988275352149,15.206070601688662
9.2080563578616,21.022653630936887,15.285268886072457
9.209860646884609,21.045424508352284,15.364467170456253
9.211664935907615,21.06819538576768,15.443665454840048
9.213469224930622,21.09096626318308,15.522863739223842
9.21527351395363,21.113737140598477,15.602062023607637
9.217077802976636,21.136508018013874,15.681260307991433
9.218882091999642,21.159278895429274,15.760458592375228
9.22068638102265,21.18204977284467,15.839656876759022
9.222490670045657,21.204820650260068,15.918855161142819
9.224294959068663,21.227591527675465,15.998053445526613
9.226099248091671,21.25036240509086,16.077251729910408
9.227903537114678,21.27313328250626,16.156450014294204
9.229707826137684,21.29590415992166,16.235648298677997
9.231512115160692,21.318675037337055,16.314846583061794
9.233316404183698,21.341445914752455,16.39404486744559
9.235120693206705,21.364216792167852,16.473243151829383
9.236924982229713,21.38698766958325,16.55244143621318
9.23872927125272,21.409758546998646,16.631639720596976
9.240533560275725,21.432529424414042,16.71083800498077
9.242337849298734,21.455300301829443,16.790036289364565
9.24414213832174,21.47807117924484,16.869234573748358
9.245946427344746,21.500842056660236,16.948432858132154
9.247750716367754,21.523612934075636,17.02763114251595
9.24955500539076,21.546383811491033,17.106829426899743
9.251359294413767,21.56915468890643,17.18602771128354
9.253163583436775,21.591925566321827,17.265225995667336
9.254967872459781,21.614696443737223,17.34442428005113
9.256772161482788,21.637467321152624,17.423622564434925
9.258576450505796,21.66023819856802,17.502820848818722
9.260380739528802,21.683009075983417,17.582019133202515
9.262185028551809,21.705779953398817,17.66121741758631
9.263989317574815,21.728550830814214,17.740415701970107
9.265793606597823,21.75132170822961,17.8196139863539
9.26759789562083,21.774092585645008,17.898812270737697
9.269402184643836,21.796863463060404,17.97801055512149
9.271206473666844,21.819634340475805,18.057208839505286
9.27301076268985,21.8424052178912,18.136407123889082
9.274815051712856,21.865176095306598,18.215605408272875
9.276619340735865,21.887946972721995,18.29480369265667
9.278423629758871,21.910717850137395,18.374001977040468
9.280227918781877,21.933488727552792,18.45320026142426
9.282032207804885,21.95625960496819,18.532398545808057
9.283836496827892,21.97903048238359,18.611596830191854
9.285640785850898,22.001801359798986,18.690795114575646
9.287445074873906,22.024572237214382,18.769993398959443
9.289249363896912,22.04734311462978,18.849191683343236
9.291053652919919,22.070113992045176,18.928389967727032
9.292857941942927,22.092884869460576,19.00758825211083
9.294662230965933,22.115655746875973,19.08678653649462
9.29646651998894,22.13842662429137,19.165984820878418
9.298270809011948,22.161197501706766,19.245183105262214
9.300075098034954,22.183968379122167,19.324381389646007
9.30187938705796,22.206739256537563,19.403579674029803
9.303683676080968,22.22951013395296,19.4827779584136
9.305487965103975,22.252281011368357,19.561976242797392
9.307292254126981,22.275051888783757,19.64117452718119
9.309096543149987,22.297822766199154,19.720372811564985
9.310900832172996,22.32059364361455,19.799571095948778
9.312705121196002,22.343364521029947,19.878769380332574
9.314509410219008,22.366135398445344,19.957967664716367
9.316313699242016,22.388906275860744,20.037165949100164
9.318117988265023,22.41167715327614,20.11636423348396
9.319922277288029,22.434448030691538,20.195562517867753
9.321726566311037,22.457218908106938,20.27476080225155
9.323530855334043,22.479989785522335,20.353959086635346
9.32533514435705,22.50276066293773,20.43315737101914
9.327139433380058,22.52553154035313,20.512355655402935
9.328943722403064,22.54830241776853,20.59155393978673
9.33074801142607,22.571073295183925,20.670752224170524
9.332552300449079,22.593844172599322,20.74995050855432
9.334356589472085,22.61661505001472,20.829148792938113
9.336160878495091,22.63938592743012,20.90834707732191
9.3379651675181,22.662156804845516,20.987545361705706
9.339769456541106,22.684927682260913,21.0667436460895
9.346929340515624,22.68588133564876,21.145941930473295
9.355175772860518,22.682408689171165,21.225140214857092
9.363422205205412,22.678936042693568,21.304338499240885
9.371668637550306,22.675463396215974,21.38353678362468
9.3799150698952,22.671990749738377,21.462735068008477
9.388161502240093,22.668518103260784,21.54193335239227
9.396407934584987,22.665045456783186,21.621131636776067
9.404654366929881,22.661572810305593,21.700329921159863
9.412900799274775,22.658100163827996,21.779528205543656
9.421147231619669,22.654627517350402,21.858726489927452
9.429393663964563,22.651154870872805,21.937924774311245
9.437640096309456,22.64768222439521,22.01712305869504
9.44588652865435,22.644209577917614,22.096321343078838
9.454132960999244,22.640736931440017,22.17551962746263
9.462379393344138,22.637264284962423,22.254717911846427
9.470625825689032,22.633791638484826,22.333916196230224
9.478872258033924,22.630318992007233,22.413114480614016
9.487118690378818,22.626846345529636,22.492312764997813
9.495365122723712,22.623373699052042,22.57151104938161
9.503611555068606,22.619901052574445,22.650709333765402
9.5118579874135,22.61642840609685,22.7299076181492
9.520104419758393,22.612955759619254,22.80910590253299
9.528350852103287,22.60948311314166,22.888304186916788
9.536597284448181,22.606010466664063,22.967502471300584
9.544843716793075,22.60253782018647,23.046700755684377
9.553090149137969,22.599065173708873,23.125899040068173
9.561336581482863,22.595592527231275,23.20509732445197
9.569583013827756,22.592119880753682,23.284295608835762
9.57782944617265,22.588647234276085,23.36349389321956
9.586075878517544,22.58517458779849,23.442692177603355
9.594322310862438,22.581701941320894,23.521890461987148
9.602568743207332,22.5782292948433,23.601088746370944
9.610815175552226,22.574756648365703,23.68028703075474
9.619061607897118,22.57128400188811,23.759485315138534
9.627308040242012,22.567811355410512,23.83868359952233
9.635554472586906,22.56433870893292,23.917881883906123
9.6438009049318,22.56086606245532,23.99708016828992
9.652047337276693,22.557393415977728,24.076278452673716
9.660293769621587,22.55392076950013,24.15547673705751
9.668540201966481,22.550448123022537,24.234675021441305
9.676786634311375,22.54697547654494,24.3138733058251
9.685033066656269,22.543502830067343,24.393071590208894
9.693279499001163,22.54003018358975,24.47226987459269
9.701525931346056,22.536557537112152,24.551468158976487
9.70977236369095,22.53308489063456,24.63066644336028
9.718018796035844,22.52961224415696,24.709864727744076
9.726265228380738,22.526139597679368,24.789063012127873
9.734511660725632,22.52266695120177,24.868261296511665
9.742758093070526,22.519194304724177,24.947459580895462
9.751004525415418,22.51572165824658,25.026657865279255
9.759250957760312,22.512249011768986,25.10585614966305
9.767497390105206,22.50877636529139,25.185054434046847
9.7757438224501,22.505303718813796,25.26425271843064
9.783990254794993,22.5018310723362,25.343451002814437
9.792236687139887,22.4983584258586,25.422649287198233
9.800483119484781,22.494885779381008,25.501847571582026
9.808729551829675,22.49141313290341,25.581045855965822
9.816975984174569,22.487940486425817,25.66024414034962
9.825222416519463,22.48446783994822,25.73944242473341
9.833468848864356,22.480995193470626,25.818640709117208
9.84171528120925,22.47752254699303,25.897838993501
9.849961713554144,22.474049900515435,25.977037277884797
9.858208145899038,22.47057725403784,26.056235562268593
9.866454578243932,22.467104607560245,26.135433846652386
9.874701010588826,22.463631961082648,26.214632131036183
9.88294744293372,22.460159314605054,26.29383041541998
9.891193875278612,22.456686668127457,26.373028699803772
9.899440307623506,22.453214021649863,26.45222698418757
9.9076867399684,22.449741375172266,26.531425268571365
9.915933172313293,22.44626872869467,26.610623552955158
9.924179604658187,22.442796082217075,26.689821837338954
9.932426037003081,22.439323435739478,26.76902012172275
9.940672469347975,22.435850789261885,26.848218406106543
9.948918901692869,22.432378142784287,26.92741669049034
9.957165334037763,22.428905496306694,27.006614974874132
9.965411766382656,22.425432849829097,27.08581325925793
9.97365819872755,22.421960203351503,27.165011543641725
9.981904631072444,22.418487556873906,27.244209828025518
9.990151063417338,22.415014910396312,27.323408112409314
9.998397495762232,22.411542263918715,27.40260639679311
10.006643928107126,22.40806961744112,27.481804681176904
10.01489036045202,22.404596970963524,27.5610029655607
10.023136792796913,22.40112432448593,27.640201249944496
10.031383225141806,22.397651678008334,27.71939953432829
10.0396296574867,22.394179031530737,27.798597818712086
10.047876089831593,22.390706385053143,27.877796103095882
10.056122522176487,22.387233738575546,27.956994387479675
10.064368954521381,22.383761092097952,28.03619267186347
10.072615386866275,22.380288445620355,28.115390956247264
10.080861819211169,22.37681579914276,28.19458924063106
10.089108251556063,22.373343152665164,28.273787525014857
10.097354683900956,22.36987050618757,28.35298580939865
10.10560111624585,22.366397859709974,28.432184093782446
10.113847548590744,22.36292521323238,28.511382378166243
10.122093980935638,22.359452566754783,28.590580662550035
10.130340413280532,22.35597992027719,28.66977894693383
10.138586845625426,22.352507273799592,28.748977231317628
10.14683327797032,22.349034627322,28.82817551570142
10.155079710315214,22.3455619808444,28.907373800085217
10.163326142660107,22.342089334366804,28.98657208446901
10.171572575005001,22.33861668788921,29.065770368852807
10.179819007349895,22.335144041411613,29.144968653236603
10.188065439694787,22.33167139493402,29.224166937620396
10.196311872039681,22.328198748456423,29.303365222004192
10.204558304384575,22.32472610197883,29.38256350638799
10.212804736729469,22.321253455501232,29.46176179077178
10.221051169074363,22.31778080902364,29.540960075155578
10.229297601419256,22.31430816254604,29.620158359539374
10.23754403376415,22.310835516068448,29.699356643923167
10.245790466109044,22.30736286959085,29.778554928306963
10.254036898453938,22.303890223113257,29.85775321269076
10.262283330798832,22.30041757663566,29.936951497074553
10.270529763143726,22.296944930158062,30.01614978145835
10.27877619548862,22.29347228368047,30.095348065842142
10.287022627833514,22.28999963720287,30.17454635022594
10.295269060178407,22.286526990725278,30.253744634609735
10.3035154925233,22.28305434424768,30.332942918993528
10.311761924868195,22.279581697770087,30.412141203377324
10.320008357213089,22.27610905129249,30.49133948776112
10.328254789557981,22.272636404814897,30.570537772144913
10.336501221902875,22.2691637583373,30.64973605652871
10.344747654247769,22.265691111859706,30.728934340912506
10.352994086592663,22.26221846538211,30.8081326252963
10.361240518937556,22.258745818904515,30.887330909680095
10.36948695128245,22.255273172426918,30.966529194063888
10.371643266766215,22.2513382900978,31.045727478447684
10.363167446534982,22.246596435682953,31.12492576283148
10.35469162630375,22.241854581268107,31.204124047215274
10.346215806072516,22.237112726853262,31.28332233159907
10.337739985841283,22.232370872438413,31.362520615982866
10.329264165610052,22.227629018023567,31.44171890036666
10.32078834537882,22.22288716360872,31.520917184750456
10.312312525147586,22.218145309193876,31.600115469134252
10.303836704916353,22.21340345477903,31.679313753518045
10.29536088468512,22.208661600364184,31.75851203790184
10.286885064453887,22.20391974594934,31.837710322285638
10.278409244222654,22.199177891534493,31.91690860666943
10.269933423991422,22.194436037119644,31.996106891053227
10.261457603760189,22.189694182704798,32.07530517543702
10.252981783528956,22.184952328289953,32.154503459820816
10.244505963297723,22.180210473875107,32.23370174420461
10.23603014306649,22.17546861946026,32.31290002858841
10.227554322835257,22.170726765045416,32.3920983129722
10.219078502604026,22.16598491063057,32.471296597355995
10.210602682372791,22.161243056215724,32.550494881739795
10.20212686214156,22.156501201800875,32.62969316612359
10.193651041910327,22.15175934738603,32.70889145050738
10.185175221679094,22.147017492971184,32.78808973489118
10.176699401447861,22.142275638556338,32.86728801927497
10.168223581216628,22.137533784141493,32.946486303658766
10.159747760985395,22.132791929726647,33.025684588042566
10.151271940754162,22.1280500753118,33.10488287242636
10.14279612052293,22.123308220896956,33.18408115681015
10.134320300291696,22.118566366482106,33.26327944119395
10.125844480060463,22.11382451206726,33.342477725577744
10.11736865982923,22.109082657652415,33.42167600996154
10.108892839598,22.10434080323757,33.50087429434533
10.100417019366764,22.099598948822724,33.58007257872913
10.091941199135533,22.094857094407878,33.65927086311292
10.0834653789043,22.090115239993033,33.738469147496716
10.074989558673067,22.085373385578187,33.817667431880515
10.066513738441834,22.080631531163338,33.89686571626431
10.058037918210601,22.075889676748492,33.9760640006481
10.049562097979369,22.071147822333646,34.0552622850319
10.041086277748136,22.0664059679188,34.134460569415694
10.032610457516903,22.061664113503955,34.21365885379949
10.02413463728567,22.05692225908911,34.29285713818329
10.015658817054437,22.052180404674264,34.37205542256708
10.007182996823204,22.047438550259418,34.45125370695087
9.99870717659197,22.04269669584457,34.53045199133467
9.990231356360738,22.037954841429723,34.609650275718465
9.981755536129507,22.033212987014878,34.68884856010226
9.973279715898272,22.028471132600032,34.76804684448606
9.96480389566704,22.023729278185186,34.84724512886985
9.956328075435808,22.01898742377034,34.926443413253644
9.947852255204575,22.014245569355495,35.005641697637444
9.939376434973342,22.00950371494065,35.084839982021236
9.930900614742109,22.0047618605258,35.16403826640503
9.922424794510876,22.000020006110955,35.24323655078883
9.913948974279643,21.99527815169611,35.32243483517262
9.90547315404841,21.990536297281263,35.401633119556415
9.896997333817177,21.985794442866418,35.480831403940215
9.888521513585944,21.981052588451572,35.56002968832401
9.880045693354713,21.976310734036726,35.6392279727078
9.87156987312348,21.97156887962188,35.71842625709159
9.863094052892247,21.96682702520703,35.79762454147539
9.854618232661014,21.962085170792186,35.876822825859186
9.846142412429781,21.95734331637734,35.95602111024298
9.837666592198548,21.952601461962495,36.03521939462678
9.829190771967315,21.94785960754765,36.11441767901057
9.820714951736083,21.943117753132803,36.193615963394365
9.81223913150485,21.938375898717958,36.272814247778165
9.803763311273617,21.933634044303112,36.35201253216196
9.795287491042384,21.928892189888263,36.43121081654575
9.78681167081115,21.924150335473417,36.51040910092955
9.778335850579918,21.91940848105857,36.58960738531334
9.769860030348685,21.914666626643726,36.668805669697136
9.761384210117452,21.90992477222888,36.748003954080936
9.752908389886219,21.905182917814034,36.82720223846473
9.744432569654988,21.90044106339919,36.90640052284852
9.735956749423753,21.89569920898434,36.98559880723232
9.727480929192522,21.890957354569494,37.064797091616114
9.719005108961289,21.88621550015465,37.14399537599991
9.710529288730056,21.881473645739803,37.22319366038371
9.702053468498823,21.876731791324957,37.3023919447675
9.69357764826759,21.87198993691011,37.38159022915129
9.685101828036357,21.867248082495266,37.46078851353509
9.676626007805124,21.86250622808042,37.539986797918885
9.668150187573891,21.857764373665574,37.61918508230268
9.65967436734266,21.853022519250725,37.69838336668647
9.651198547111425,21.84828066483588,37.77758165107027
9.642722726880194,21.843538810421034,37.856779935454064
9.634246906648961,21.83879695600619,37.93597821983786
9.625771086417728,21.834055101591343,38.01517650422166
9.617295266186495,21.829313247176497,38.09437478860545
9.608819445955262,21.82457139276165,38.17357307298924
9.60034362572403,21.819829538346802,38.25277135737304
9.591867805492797,21.815087683931957,38.331969641756835
9.583391985261564,21.81034582951711,38.41116792614063
9.57491616503033,21.805603975102265,38.49036621052443
9.566440344799098,21.80086212068742,38.56956449490822
9.557964524567865,21.796120266272574,38.648762779292014
9.549488704336632,21.79137841185773,38.727961063675814
9.541012884105399,21.786636557442883,38.807159348059606
9.532537063874168,21.781894703028037,38.8863576324434
9.524061243642933,21.777152848613188,38.9655559168272
9.515585423411702,21.772410994198342,39.04475420121099
9.507109603180469,21.767669139783496,39.123952485594785
9.498633782949236,21.76292728536865,39.203150769978585
9.490157962718003,21.758185430953805,39.28234905436238
9.48168214248677,21.75344357653896,39.36154733874617
9.473206322255537,21.748701722124114,39.44074562312997
9.464730502024304,21.743959867709265,39.51994390751376
9.456254681793071,21.73921801329442,39.599142191897556
9.447778861561838,21.734476158879573,39.67834047628135
9.439303041330605,21.729734304464728,39.75753876066515
9.430827221099372,21.724992450049882,39.83673704504894
9.422351400868141,21.720250595635036,39.915935329432735
9.413875580636907,21.71550874122019,39.995133613816535
9.405399760405675,21.710766886805345,40.07433189820033
9.396923940174442,21.7060250323905,40.15353018258412
9.38844811994321,21.70128317797565,40.23272846696792
9.379972299711977,21.696541323560805,40.31192675135171
9.371496479480744,21.69179946914596,40.391125035735506
9.36302065924951,21.687057614731113,40.470323320119306
9.354544839018278,21.682315760316268,40.5495216045031
9.346069018787045,21.677573905901422,40.62871988888689
9.337593198555812,21.672832051486576,40.70791817327069
9.329117378324579,21.668090197071727,40.787116457654484
9.320641558093346,21.66334834265688,40.86631474203828
9.32650209717196,21.659786841823117,40.94551302642208
9.698773391076838,21.68639298936217,41.02471131080587
10.071044684981713,21.71299913690122,41.10390959518966
10.443315978886622,21.739605284440277,41.18310787957346
10.815587272791497,21.76621143197933,41.262306163957255
11.187858566696372,21.79281757951838,41.34150444834105
11.56012986060128,21.819423727057437,41.42070273272485
11.932401154506156,21.84602987459649,41.49990101710864
12.304672448411033,21.87263602213554,41.579099301492434
12.676943742315908,21.899242169674594,41.65829758587623
13.049215036220817,21.925848317213646,41.73749587026003
13.421486330125692,21.952454464752698,41.81669415464382
13.793757624030569,21.97906061229175,41.89589243902761
14.166028917935478,22.005666759830806,41.97509072341141
14.538300211840351,22.032272907369858,42.054289007795205
14.910571505745228,22.05887905490891,42.133487292179
15.282842799650137,22.085485202447966,42.2126855765628
15.655114093555012,22.11209134998702,42.29188386094659
16.027385387459887,22.13869749752607,42.371082145330384
16.399656681364796,22.165303645065123,42.450280429714184
16.771927975269673,22.191909792604175,42.529478714097976
17.144199269174546,22.218515940143227,42.60867699848177
17.51647056307946,22.245122087682283,42.68787528286557
17.888741856984332,22.271728235221335,42.76707356724936
18.261013150889205,22.298334382760387,42.846271851633155
18.633284444794114,22.324940530299443,42.925470136016955
19.00555573869899,22.351546677838492,43.00466842040075
19.081200862356642,22.52149832124061,43.08386670478454
19.095006038737154,22.72133430660488,43.16306498916834
19.108811215117665,22.921170291969133,43.24226327355213
19.122616391498173,23.121006277333386,43.321461557935926
19.13642156787869,23.320842262697656,43.400659842319726
19.1502267442592,23.52067824806191,43.47985812670352
19.164031920639708,23.720514233426158,43.55905641108731
19.17783709702022,23.92035021879041,43.638254695471105
19.19164227340073,24.12018620415468,43.717452979854905
19.205447449781243,24.320022189518934,43.7966512642387
19.219252626161754,24.519858174883186,43.87584954862249
19.233057802542266,24.719694160247457,43.95504783300629
19.246862978922778,24.91953014561171,44.03424611739008
19.26066815530329,25.119366130975962,44.113444401773876
19.2744733316838,25.319202116340232,44.192642686157676
19.288278508064312,25.519038101704485,44.27184097054147
19.302083684444824,25.718874087068738,44.35103925492526
19.315888860825336,25.918710072433008,44.43023753930906
19.329694037205847,26.11854605779726,44.509435823692854
19.34349921358636,26.318382043161513,44.58863410807665
19.35730438996687,26.518218028525784,44.66783239246045
19.371109566347382,26.718054013890036,44.74703067684424
19.384914742727894,26.91788999925429,44.82622896122803
19.398719919108405,27.11772598461856,44.90542724561183
19.412525095488917,27.317561969982812,44.984625529995625
19.42633027186943,27.517397955347064,45.06382381437942
19.44013544824994,27.717233940711335,45.14302209876322
19.45394062463045,27.917069926075584,45.22222038314701
19.46774580101096,28.116905911439837,45.301418667530804
19.481550977391475,28.31674189680411,45.380616951914604
19.495356153771983,28.516577882168363,45.4598152362984
19.509161330152494,28.716413867532616,45.53901352068219
19.522966506533006,28.916249852896865,45.61821180506598
19.536771682913518,29.116085838261135,45.69741008944978
19.55057685929403,29.315921823625388,45.776608373833575
19.56438203567454,29.51575780898964,45.85580665821737
19.578187212055052,29.71559379435391,45.93500494260117
19.591992388435564,29.915429779718163,46.01420322698496
19.605797564816076,30.115265765082416,46.093401511368754
19.619602741196587,30.315101750446686,46.172599795752554
19.6334079175771,30.51493773581094,46.251798080136346
19.64721309395761,30.71477372117519,46.33099636452014
19.661018270338122,30.914609706539462,46.41019464890394
19.674823446718634,31.114445691903715,46.48939293328773
19.688628623099145,31.314281677267967,46.568591217671525
19.702433799479657,31.514117662632238,46.647789502055325
19.7072918771648,31.65193578728104,46.72698778643912
19.698859294827958,31.697628148023128,46.80618607082291
19.690426712491114,31.743320508765223,46.88538435520671
19.681994130154273,31.78901286950731,46.9645826395905
19.67356154781743,31.8347052302494,47.043780923974296
19.66512896548059,31.880397590991496,47.122979208358096
19.65669638314375,31.926089951733584,47.20217749274189
19.64826380080691,31.971782312475675,47.28137577712568
19.639831218470068,32.01747467321777,47.36057406150948
19.631398636133227,32.06316703395986,47.439772345893275
19.622966053796386,32.108859394701945,47.51897063027707
19.614533471459545,32.15455175544404,47.59816891466087
19.606100889122704,32.20024411618613,47.67736719904466
19.597668306785863,32.24593647692822,47.75656548342845
19.589235724449022,32.29162883767031,47.835763767812246
19.58080314211218,32.337321198412404,47.914962052196046
19.57237055977534,32.38301355915449,47.99416033657984
19.5639379774385,32.42870591989658,48.07335862096363
19.555505395101658,32.474398280638674,48.15255690534743
19.547072812764817,32.52009064138077,48.231755189731224
19.538640230427976,32.565783002122856,48.31095347411502
19.530207648091135,32.61147536286495,48.39015175849882
19.521775065754294,32.65716772360704,48.46935004288261
19.513342483417453,32.702860084349126,48.5485483272664
19.50490990108061,32.74855244509122,48.6277466116502
19.496477318743768,32.79424480583331,48.706944896033995
19.488044736406927,32.8399371665754,48.78614318041779
19.479612154070086,32.8856295273175,48.86534146480159
19.471179571733245,32.931321888059585,48.94453974918538
19.462746989396404,32.97701424880167,49.023738033569174
19.454314407059563,33.02270660954377,49.102936317952974
19.445881824722722,33.068398970285855,49.18213460233677
19.43744924238588,33.11409133102795,49.26133288672056
19.42901666004904,33.15978369177004,49.34053117110436
19.4205840777122,33.20547605251213,49.41972945548815
19.412151495375358,33.25116841325422,49.498927739871945
19.403718913038517,33.296860773996315,49.578126024255745
19.395286330701676,33.3425531347384,49.65732430863954
19.386853748364835,33.38824549548049,49.73652259302333
19.378421166027994,33.433937856222585,49.815720877407124
19.369988583691153,33.47963021696468,49.894919161790924
19.361556001354312,33.52532257770677,49.974117446174716
19.35312341901747,33.571014938448855,50.05331573055851
19.34469083668063,33.61670729919095,50.13251401494231
19.33625825434379,33.66239965993304,50.2117122993261
19.32782567200695,33.708092020675124,50.290910583709895
19.319393089670104,33.75378438141722,50.370108868093695
19.310960507333263,33.799476742159314,50.44930715247749
19.302527924996426,33.8451691029014,50.52850543686128
19.29409534265958,33.890861463643496,50.60770372124508
19.28566276032274,33.936553824385584,50.68690200562887
19.2772301779859,33.98224618512767,50.766100290012666
19.26879759564906,34.027938545869766,50.845298574396466
19.260365013312217,34.073630906611854,50.92449685878026
19.251932430975376,34.11932326735395,51.00369514316405
19.243499848638535,34.16501562809604,51.08289342754785
19.235067266301694,34.21070798883813,51.162091711931645
19.226634683964853,34.25640034958022,51.24128999631544
19.218202101628012,34.30209271032231,51.32048828069924
19.20976951929117,34.3477850710644,51.39968656508303
19.20133693695433,34.393477431806495,51.47888484946682
19.19290435461749,34.43916979254858,51.55808313385062
19.18447177228065,34.48486215329068,51.637281418234416
19.176039189943808,34.530554514032765,51.71647970261821
19.167606607606967,34.57624687477485,51.795677987002
19.159174025270126,34.62193923551695,51.8748762713858
19.150741442933285,34.667631596259035,51.954074555769594
19.142308860596444,34.71332395700113,52.03327284015339
19.133876278259603,34.759016317743225,52.11247112453719
19.125443695922762,34.80470867848531,52.19166940892098
19.11701111358592,34.8504010392274,52.27086769330477
19.108578531249076,34.896093399969494,52.35006597768857
19.100145948912235,34.94178576071158,52.429264262072365
19.091713366575394,34.98747812145368,52.50846254645616
19.083280784238553,35.033170482195764,52.58766083083996
19.074848201901712,35.07886284293786,52.66685911522375
19.06641561956487,35.12455520367995,52.746057399607544
19.05798303722803,35.17024756442204,52.825255683991344
19.04955045489119,35.21593992516413,52.90445396837514
19.04111787255435,35.26163228590622,52.98365225275893
19.032685290217508,35.30732464664831,53.06285053714273
19.024252707880667,35.353017007390406,53.14204882152652
19.015820125543826,35.398709368132494,53.221247105910315
19.007387543206985,35.44440172887459,53.300445390294115
18.998954960870144,35.490094089616676,53.37964367467791
18.990522378533303,35.53578645035876,53.4588419590617
18.982089796196462,35.58147881110086,53.5380402434455
18.97365721385962,35.627171171842946,53.617238527829294
18.96522463152278,35.67286353258504,53.696436812213086
18.95679204918594,35.71855589332713,53.77563509659688
18.948359466849098,35.76424825406922,53.85483338098068
18.939926884512257,35.80994061481131,53.93403166536447
18.931494302175416,35.8556329755534,54.013229949748265
18.92306171983857,35.90132533629549,54.092428234132065
18.91462913750173,35.94701769703758,54.17162651851586
18.90619655516489,35.992710057779675,54.25082480289965
18.89776397282805,36.03840241852177,54.33002308728345
18.889331390491208,36.08409477926386,54.40922137166724
18.880898808154367,36.129787140005945,54.488419656051036
18.872466225817526,36.17547950074804,54.567617940434836
18.864033643480685,36.22117186149013,54.64681622481863
18.855601061143844,36.26686422223222,54.72601450920242
18.847168478807003,36.31255658297431,54.80521279358622
18.838735896470162,36.358248943716404,54.884411077970015
18.83030331413332,36.40394130445849,54.96360936235381
18.82187073179648,36.44963366520059,55.04280764673761
18.81343814945964,36.495326025942674,55.1220059311214
18.805005567122798,36.54101838668477,55.20120421550519
18.796572984785957,36.58671074742686,55.28040249988899
18.85698536281762,36.65928898996365,55.359600784272786
18.987380039121266,36.75919727654419,55.43879906865658
19.117774715424925,36.85910556312475,55.51799735304038
19.248169391728574,36.95901384970529,55.59719563742417
19.37856406803222,37.05892213628584,55.676393921807964
19.508958744335878,37.158830422866394,55.755592206191764
19.639353420639527,37.25873870944694,55.83479049057556
19.76974809694317,37.35864699602749,55.91398877495935
19.90014277324682,37.45855528260803,55.99318705934314
20.03053744955048,37.55846356918859,56.07238534372694
20.160932125854124,37.65837185576913,56.151583628110735
20.291326802157773,37.758280142349676,56.23078191249453
20.421721478461432,37.858188428930234,56.30998019687833
20.552116154765077,37.95809671551078,56.38917848126212
20.682510831068726,38.05800500209132,56.468376765645914
20.812905507372385,38.15791328867188,56.547575050029714
20.94330018367603,38.25782157525242,56.62677333441351
21.07369485997968,38.35772986183297,56.7059716187973
21.204089536283334,38.45763814841352,56.7851699031811
21.334484212586982,38.55754643499407,56.86436818756489
21.46487888889063,38.65745472157462,56.943566471948685
21.59527356519429,38.757363008155174,57.022764756332485
21.725668241497935,38.85727129473572,57.10196304071628
21.856062917801584,38.95717958131626,57.18116132510007
21.98645759410524,39.05708786789682,57.26035960948387
22.116852270408888,39.15699615447736,57.33955789386766
22.247246946712536,39.256904441057905,57.418756178251456
22.377641623016192,39.35681272763846,57.497954462635256
22.50803629931984,39.456721014219006,57.57715274701905
22.638430975623486,39.55662930079956,57.65635103140284
22.768825651927145,39.65653758738011,57.73554931578664
22.899220328230793,39.75644587396066,57.814747600170435
23.029615004534442,39.8563541605412,57.89394588455423
23.160009680838087,39.956262447121745,57.97314416893802
23.290404357141746,40.0561707337023,58.05234245332182
23.42079903344539,40.156079020282846,58.13154073770561
23.55119370974904,40.25598730686339,58.210739022089406
23.6815883860527,40.35589559344395,58.289937306473206
23.811983062356344,40.45580388002449,58.369135590857
23.942377738659992,40.55571216660504,58.44833387524079
24.07277241496365,40.65562045318559,58.52753215962459
24.203167091267296,40.75552873976614,58.606730444008384
24.333561767570945,40.855437026346685,58.68592872839218
24.463956443874604,40.955345312927236,58.76512701277598
24.59435112017825,41.055253599507786,58.84432529715977
24.724745796481898,41.15516188608833,58.92352358154356
24.855140472785557,41.25507017266889,59.00272186592736
24.985535149089202,41.35497845924943,59.081920150311156
25.11592982539285,41.454886745829974,59.16111843469495
25.246324501696506,41.55479503241053,59.24031671907875
25.376719178000155,41.654703318991075,59.31951500346254
25.507113854303803,41.754611605571625,59.398713287846334
25.637508530607462,41.854519892152176,59.477911572230134
25.767903206911107,41.95442817873273,59.55710985661393
25.898297883214756,42.05433646531327,59.63630814099772
25.89692931430243,42.15647623160697,59.71550642538152
25.827883838065326,42.259762141846174,59.79470470976531
25.758838361828225,42.36304805208537,59.873902994149105
25.68979288559112,42.46633396232457,59.9531012785329
25.62074740935401,42.56961987256377,60.0322995629167
25.55170193311691,42.67290578280297,60.11149784730049
25.482656456879806,42.776191693042165,60.190696131684284
25.413610980642698,42.87947760328137,60.269894416068084
25.344565504405594,42.982763513520574,60.34909270045188
25.27552002816849,43.08604942375977,60.42829098483567
25.206474551931382,43.189335333998976,60.50748926921947
25.13742907569428,43.29262124423817,60.58668755360326
25.068383599457174,43.39590715447737,60.665885837987055
24.999338123220067,43.49919306471658,60.745084122370855
24.930292646982963,43.60247897495577,60.82428240675465
24.86124717074586,43.70576488519497,60.90348069113844
24.79220169450875,43.809050795434175,60.98267897552224
24.723156218271647,43.912336705673376,61.06187725990603
24.654110742034547,44.01562261591257,61.141075544289826
24.585065265797436,44.11890852615178,61.220273828673626
24.516019789560332,44.22219443639098,61.29947211305742
24.44697431332323,44.32548034663017,61.37867039744121
24.37792883708612,44.42876625686938,61.45786868182501
24.308883360849016,44.532052167108574,61.537066966208805
24.239837884611916,44.635338077347775,61.6162652505926
24.170792408374805,44.73862398758698,61.6954635349764
24.101746932137704,44.84190989782618,61.77466181936019
24.0327014559006,44.94519580806538,61.85386010374398
23.963655979663496,45.04848171830457,61.933058388127776
23.89461050342639,45.15176762854378,62.012256672511576
23.825565027189285,45.255053538782974,62.09145495689537
23.75651955095218,45.358339449022175,62.17065324127916
23.687474074715073,45.461625359261376,62.24985152566296
23.61842859847797,45.56491126950058,62.329049810046754
23.54938312224087,45.66819717973977,62.40824809443055
23.480337646003758,45.77148308997898,62.48744637881435
23.411292169766654,45.87476900021818,62.56664466319814
23.342246693529553,45.978054910457374,62.64584294758193
23.273201217292442,46.08134082069658,62.72504123196573
23.204155741055338,46.184626730935776,62.804239516349526
23.135110264818238,46.28791264117498,62.88343780073332
23.066064788581127,46.391198551414185,62.96263608511712
22.997019312344026,46.49448446165338,63.04183436950091
22.927973836106922,46.59777037189258,63.121032653884704
22.858928359869815,46.70105628213179,63.200230938268504
22.78988288363271,46.80434219237098,63.2794292226523
22.720837407395607,46.907628102610175,63.35862750703609
22.6517919311585,47.01091401284938,63.43782579141989
22.582746454921395,47.114199923088584,63.51702407580368
22.51370097868429,47.21748583332778,63.596222360187475
22.444655502447183,47.320771743566986,63.675420644571275
22.37561002621008,47.42405765380619,63.75461892895507
22.306564549972975,47.52734356404538,63.83381721333886
22.237519073735875,47.630629474284575,63.913015497722654
22.168473597498764,47.73391538452378,63.992213782106454
22.099428121261656,47.83720129476299,64.07141206649025
22.030382645024552,47.940487205002185,64.15061035087405
21.96133716878745,48.043773115241386,64.22980863525784
21.892291692550344,48.14705902548058,64.30900691964163
21.823246216313244,48.25034493571978,64.38820520402543
21.75420074007614,48.353630845958975,64.46740348840922
21.685155263839025,48.4569167561982,64.54660177279303
21.61610978760192,48.56020266643739,64.62580005717682
21.54706431136482,48.663488576676585,64.70499834156061
21.478018835127717,48.766774486915786,64.7841966259444
21.408973358890613,48.87006039715498,64.8633949103282
21.339927882653512,48.97334630739418,64.94259319471199
21.27088240641641,49.076632217633374,65.02179147909578
21.24170205805713,49.083750805529455,65.10098976347959
21.223236173276913,49.06502271168659,65.18018804786338
21.204770288496693,49.046294617843714,65.25938633224717
21.186304403716477,49.02756652400085,65.33858461663097
21.16783851893626,49.00883843015797,65.41778290101476
21.149372634156045,48.9901103363151,65.49698118539855
21.130906749375825,48.971382242472224,65.57617946978236
21.11244086459561,48.95265414862936,65.65537775416615
21.093974979815393,48.93392605478648,65.73457603854995
21.075509095035173,48.915197960943615,65.81377432293374
21.057043210254957,48.89646986710074,65.89297260731753
21.03857732547474,48.87774177325787,65.97217089170132
21.02011144069452,48.85901367941499,66.05136917608513
21.001645555914305,48.840285585572126,66.13056746046892
20.98317967113409,48.82155749172925,66.20976574485272
20.964713786353872,48.802829397886384,66.28896402923651
20.946247901573653,48.78410130404351,66.3681623136203
20.927782016793437,48.76537321020064,66.4473605980041
20.909316132013217,48.74664511635777,66.5265588823879
20.890850247233,48.727917022514895,66.6057571667717
20.872384362452785,48.70918892867202,66.68495545115549
20.85391847767257,48.69046083482915,66.76415373553928
20.835452592892352,48.67173274098628,66.84335201992307
20.816986708112132,48.65300464714341,66.92255030430687
20.798520823331916,48.63427655330054,67.00174858869066
20.780054938551697,48.61554845945766,67.08094687307447
20.76158905377148,48.59682036561479,67.16014515745826
20.743123168991264,48.57809227177192,67.23934344184205
20.724657284211048,48.55936417792905,67.31854172622585
20.706191399430832,48.54063608408618,67.39774001060964
20.687725514650612,48.52190799024331,67.47693829499343
20.669259629870393,48.50317989640043,67.55613657937724
20.650793745090176,48.484451802557565,67.63533486376103
20.63232786030996,48.46572370871469,67.71453314814482
20.613861975529744,48.44699561487182,67.79373143252862
20.595396090749528,48.42826752102895,67.87292971691241
20.57693020596931,48.409539427186075,67.9521280012962
20.558464321189092,48.3908113333432,68.03132628568001
20.539998436408872,48.372083239500334,68.1105245700638
20.521532551628656,48.35335514565746,68.1897228544476
20.50306666684844,48.334627051814586,68.26892113883139
20.484600782068224,48.31589895797172,68.34811942321518
20.466134897288008,48.297170864128844,68.42731770759897
20.447669012507788,48.27844277028597,68.50651599198278
20.42920312772757,48.2597146764431,68.58571427636657
20.410737242947352,48.24098658260023,68.66491256075037
20.392271358167136,48.22225848875736,68.74411084513416
20.37380547338692,48.20353039491449,68.82330912951795
20.355339588606704,48.18480230107161,68.90250741390174
20.336873703826488,48.166074207228746,68.98170569828554
20.318407819046268,48.14734611338587,69.06090398266934
20.29994193426605,48.128618019543,69.14010226705314
20.281476049485832,48.10988992570013,69.21930055143693
20.263010164705616,48.09116183185726,69.29849883582072
20.2445442799254,48.07243373801438,69.37769712020452
20.226078395145183,48.053705644171515,69.45689540458831
20.207612510364964,48.03497755032864,69.53609368897212
20.189146625584748,48.01624945648577,69.61529197335591
20.170680740804528,47.9975213626429,69.6944902577397
20.15221485602431,47.978793268800025,69.7736885421235
20.133748971244096,47.96006517495715,69.85288682650729
20.11528308646388,47.941337081114284,69.93208511089108
20.09681720168366,47.92260898727141,70.01128339527489
20.078351316903444,47.903880893428536,70.09048167965868
20.059885432123227,47.88515279958567,70.16967996404247
20.04141954734301,47.866424705742794,70.24887824842627
20.02295366256279,47.84769661189993,70.32807653281006
20.004487777782575,47.82896851805705,70.40727481719385
19.986021893002356,47.81024042421418,70.48647310157766
19.96755600822214,47.791512330371305,70.56567138596145
19.949090123441923,47.77278423652844,70.64486967034524
19.930624238661707,47.75405614268556,70.72406795472904
19.912158353881487,47.735328048842696,70.80326623911283
19.89369246910127,47.71659995499982,70.88246452349662
19.87522658432105,47.69787186115695,70.96166280788043
19.856760699540835,47.67914376731407,71.04086109226422
19.83829481476062,47.660415673471206,71.12005937664802
19.819828929980403,47.64168757962833,71.19925766103181
19.801363045200187,47.622959485785465,71.2784559454156
19.782897160419967,47.60423139194259,71.3576542297994
19.76443127563975,47.585503298099724,71.43685251418319
19.74596539085953,47.56677520425684,71.516050798567
19.727499506079315,47.548047110413975,71.59524908295079
19.7090336212991,47.5293190165711,71.67444736733458
19.690567736518883,47.510590922728234,71.75364565171837
19.672101851738667,47.49186282888536,71.83284393610217
19.653635966958447,47.47313473504249,71.91204222048596
19.635170082178227,47.45440664119962,71.99124050486977
19.61670419739801,47.435678547356744,72.07043878925356
19.598238312617795,47.41695045351387,72.14963707363735
19.57977242783758,47.398222359671,72.22883535802114
19.561306543057363,47.37949426582813,72.30803364240494
19.542840658277147,47.36076617198526,72.38723192678873
19.524374773496923,47.34203807814239,72.46643021117254
19.505908888716707,47.32330998429951,72.54562849555633
19.48744300393649,47.304581890456646,72.62482677994012
19.468977119156275,47.28585379661377,72.70402506432391
19.45051123437606,47.2671257027709,72.78322334870771
19.432045349595843,47.24839760892803,72.8624216330915
19.413579464815623,47.229669515085156,72.94161991747531
19.395113580035407,47.21094142124228,73.0208182018591
19.376647695255187,47.192213327399415,73.1000164862429
19.35818181047497,47.17348523355654,73.17921477062669
19.339715925694755,47.154757139713666,73.25841305501048
19.32125004091454,47.1360290458708,73.33761133939427
19.302784156134322,47.117300952027925,73.41680962377806
19.284318271354103,47.09857285818505,73.49600790816187
19.265852386573883,47.079844764342184,73.57520619254566
19.247386501793667,47.06111667049931,73.65440447692946
19.22892061701345,47.042388576656435,73.73360276131325
19.210454732233234,47.02366048281357,73.81280104569704
19.19198884745302,47.004932388970694,73.89199933008084
19.1735229626728,46.98620429512782,73.97119761446464
19.155057077892582,46.96747620128495,74.05039589884844
19.136591193112366,46.94874810744208,74.12959418323223
19.118125308332147,46.93002001359921,74.20879246761602
19.09965942355193,46.91129191975634,74.28799075199981
19.081193538771714,46.89256382591346,74.3671890363836
19.062727653991494,46.87383573207059,74.44638732076741
19.04426176921128,46.85510763822772,74.5255856051512
19.256223672731817,46.989163835603065,74.604783889535
19.478383538159523,47.12998175383398,74.68398217391879
19.700543403587233,47.270799672064896,74.76318045830259
19.92270326901494,47.41161759029581,74.84237874268638
20.144863134442684,47.552435508526756,74.92157702707019
20.36702299987039,47.69325342675767,75.00077531145398
20.589182865298095,47.83407134498859,75.07997359583777
20.8113427307258,47.9748892632195,75.15917188022156
21.033502596153507,48.11570718145042,75.23837016460536
21.255662461581213,48.25652509968133,75.31756844898915
21.47782232700892,48.397343017912256,75.39676673337294
21.699982192436664,48.53816093614319,75.47596501775675
21.92214205786437,48.67897885437411,75.55516330214054
22.144301923292076,48.819796772605024,75.63436158652434
22.366461788719782,48.96061469083594,75.71355987090813
22.588621654147488,49.10143260906686,75.79275815529192
22.810781519575194,49.24225052729778,75.87195643967571
23.032941385002943,49.383068445528714,75.95115472405952
23.25510125043065,49.52388636375963,76.03035300844331
23.477261115858354,49.66470428199055,76.1095512928271
23.69942098128606,49.80552220022147,76.1887495772109
23.921580846713766,49.94634011845238,76.26794786159469
24.143740712141472,50.0871580366833,76.34714614597848
24.365900577569217,50.22797595491424,76.42634443036229
24.588060442996923,50.36879387314516,76.50554271474608
24.81022030842463,50.509611791376074,76.58474099912988
25.032380173852335,50.65042970960699,76.66393928351367
25.25454003928004,50.791247627837905,76.74313756789746
25.476699904707747,50.93206554606882,76.82233585228126
25.698859770135492,51.072883464299764,76.90153413666506
25.921019635563198,51.21370138253068,76.98073242104886
26.143179500990904,51.354519300761595,77.05993070543265
26.36533936641861,51.49533721899251,77.13912898981644
26.587499231846316,51.636155137223426,77.21832727420023
26.80965909727402,51.77697305545434,77.29752555858403
27.031818962701728,51.91779097368526,77.37672384296782
27.192430342683757,52.019595861484056,77.45592212735163
27.303399340485733,52.08993450356309,77.53512041173542
27.41436833828771,52.16027314564212,77.61431869611921
27.525337336089684,52.23061178772116,77.693516980503
27.63630633389166,52.30095042980019,77.7727152648868
27.747275331693636,52.37128907187922,77.85191354927059
27.858244329495633,52.44162771395827,77.9311118336544
27.96921332729761,52.5119663560373,78.01031011803819
28.080182325099585,52.58230499811633,78.08950840242198
28.19115132290156,52.652643640195365,78.16870668680578
28.302120320703537,52.722982282274394,78.24790497118957
28.413089318505513,52.793320924353424,78.32710325557336
28.52405831630751,52.863659566432474,78.40630153995717
28.635027314109486,52.933998208511504,78.48549982434096
28.745996311911462,53.00433685059053,78.56469810872476
28.856965309713438,53.07467549266957,78.64389639310855
28.967934307515414,53.1450141347486,78.72309467749234
29.07890330531739,53.215352776827636,78.80229296187613
29.189872303119387,53.28569141890668,78.88149124625994
29.300841300921363,53.35603006098571,78.96068953064373
29.41181029872334,53.426368703064746,79.03988781502753
29.522779296525314,53.496707345143776,79.11908609941132
29.63374829432729,53.567045987222805,79.19828438379511
29.744717292129266,53.63738462930184,79.2774826681789
29.855686289931242,53.70772327138087,79.3566809525627
29.96665528773324,53.778061913459915,79.4358792369465
30.077624285535215,53.84840055553895,79.5150775213303
30.18859328333719,53.91873919761798,79.59427580571409
30.299562281139167,53.98907783969702,79.67347409009788
30.410531278941143,54.05941648177605,79.75267237448168
30.52150027674312,54.12975512385508,79.83187065886547
30.632469274545116,54.20009376593413,79.91106894324928
30.743438272347092,54.27043240801316,79.99026722763307
30.854407270149068,54.34077105009219,80.06946551201686
30.965376267951044,54.41110969217122,80.14866379640065
31.07634526575302,54.48144833425025,80.22786208078445
31.187314263554995,54.55178697632929,80.30706036516824
31.298283261356993,54.62212561840833,80.38625864955205
31.40925225915897,54.69246426048736,80.46545693393584
31.520221256960944,54.7628029025664,80.54465521831963
31.63119025476292,54.83314154464543,80.62385350270343
31.742159252564896,54.90348018672446,80.70305178708722
31.853128250366872,54.973818828803495,80.78225007147101
31.96409724816887,55.04415747088254,80.86144835585482
32.075066245970845,55.11449611296157,80.94064664023861
32.18603524377282,55.184834755040605,81.0198449246224
32.2970042415748,55.255173397119634,81.0990432090062
32.40797323937677,55.32551203919867,81.17824149338999
32.51894223717875,55.3958506812777,81.25743977777378
32.629911234980725,55.46618932335673,81.33663806215758
32.74088023278272,55.53652796543578,81.41583634654138
32.8518492305847,55.60686660751481,81.49503463092518
32.96281822838667,55.67720524959384,81.57423291530897
33.07378722618865,55.747543891672876,81.65343119969276
33.184756223990625,55.817882533751906,81.73262948407655
33.2957252217926,55.88822117583094,81.81182776846035
33.4066942195946,55.958559817909986,81.89102605284415
33.517663217396574,56.028898459989016,81.97022433722795
33.62863221519855,56.099237102068045,82.04942262161174
33.739601213000526,56.16957574414708,82.12862090599553
33.8505702108025,56.23991438622611,82.20781919037933
33.96153920860448,56.31025302830515,82.28701747476312
34.072508206406475,56.38059167038419,82.36621575914693
34.18347720420845,56.45093031246322,82.44541404353072
34.29444620201043,56.52126895454226,82.52461232791451
34.4157892977906,56.519954392711355,82.6038106122983
34.55495752149424,56.395522859313026,82.6830088966821
34.69412574519788,56.271091325914696,82.76220718106589
34.833293968901536,56.14665979251635,82.8414054654497
34.97246219260518,56.02222825911802,82.92060374983349
35.11163041630881,55.8977967257197,82.99980203421728
35.25079864001245,55.77336519232137,83.07900031860108
35.38996686371608,55.64893365892304,83.15819860298487
35.52913508741972,55.52450212552472,83.23739688736866
35.66830331112335,55.40007059212639,83.31659517175245
35.807471534827016,55.27563905872804,83.39579345613626
35.94663975853065,55.15120752532972,83.47499174052005
36.085807982234286,55.02677599193139,83.55419002490385
36.22497620593793,54.902344458533065,83.63338830928764
36.36414442964156,54.777912925134736,83.71258659367143
36.5033126533452,54.653481391736406,83.79178487805522
36.64248087704886,54.52904985833806,83.87098316243903
36.781649100752496,54.40461832493973,83.95018144682282
36.92081732445613,54.28018679154141,84.02937973120662
37.059985548159766,54.15575525814308,84.10857801559041
37.1991537718634,54.03132372474475,84.1877762999742
37.33832199556704,53.90689219134643,84.266974584358
37.4774902192707,53.78246065794808,84.3461728687418
37.61665844297434,53.65802912454975,84.4253711531256
37.755826666677976,53.53359759115143,84.50456943750939
37.89499489038161,53.4091660577531,84.58376772189318
38.034163114085246,53.284734524354775,84.66296600627697
38.17333133778888,53.160302990956446,84.74216429066077
38.312499561492544,53.035871457558095,84.82136257504457
38.45166778519618,52.91143992415977,84.90056085942837
38.590836008899814,52.78700839076144,84.97975914381216
38.73000423260345,52.66257685736312,85.05895742819595
38.86917245630709,52.53814532396479,85.13815571257975
39.008340680010726,52.41371379056646,85.21735399696354
39.14750890371436,52.28928225716814,85.29655228134733
39.286677127418024,52.16485072376979,85.37575056573114
39.42584535112166,52.04041919037146,85.45494885011493
39.565013574825294,51.91598765697314,85.53414713449872
39.70418179852893,51.79155612357481,85.61334541888252
39.84335002223256,51.667124590176485,85.69254370326631
39.982518245936205,51.542693056778155,85.7717419876501
40.12168646963986,51.418261523379805,85.85094027203391
40.260854693343504,51.29382998998148,85.9301385564177
40.40002291704714,51.16939845658315,86.0093368408015
40.53919114075077,51.04496692318483,86.08853512518529
40.67835936445441,50.9205353897865,86.16773340956908
40.81752758815804,50.79610385638817,86.24693169395287
40.95669581186171,50.67167232298982,86.32612997833668
41.09586403556534,50.5472407895915,86.40532826272047
41.2423529918787,50.438759139217666,86.48452654710427
41.513329118072946,50.60150113591636,86.56372483148806
41.784305244267195,50.76424313261506,86.64292311587185
42.055281370461444,50.926985129313756,86.72212140025565
42.32625749665574,51.08972712601248,86.80131968463945
42.59723362284999,51.252469122711176,86.88051796902324
42.86820974904424,51.41521111940987,86.95971625340704
43.13918587523849,51.57795311610857,87.03891453779083
43.41016200143274,51.740695112807266,87.11811282217462
43.68113812762699,51.90343710950596,87.19731110655842
43.952114253821236,52.06617910620466,87.27650939094221
44.223090380015535,52.228921102903385,87.35570767532602
44.49406650620978,52.39166309960208,87.43490595970981
44.76504263240403,52.554405096300776,87.5141042440936
45.03601875859828,52.71714709299947,87.5933025284774
45.30699488479253,52.87988908969817,87.67250081286119
45.577971010986786,53.04263108639687,87.75169909724498
45.84894713718108,53.20537308309559,87.83089738162879
46.11992326337533,53.368115079794286,87.91009566601258
46.39089938956958,53.530857076492985,87.98929395039637
46.66187551576383,53.69359907319168,88.06849223478017
46.93285164195808,53.85634106989038,88.14769051916396
47.20382776815233,54.01908306658907,88.22688880354775
47.47480389434663,54.181825063287796,88.30608708793156
47.74578002054088,54.344567059986495,88.38528537231535
48.016756146735126,54.50730905668519,88.46448365669914
48.287732272929375,54.67005105338389,88.54368194108294
48.558708399123624,54.832793050082586,88.62288022546673
48.82968452531787,54.99553504678128,88.70207850985052
49.10066065151217,55.158277043480005,88.78127679423433
49.37163677770642,55.321019040178705,88.86047507861812
49.646623435007236,55.48194962633606,88.93967336300192
49.92850933818107,55.63976407491222,89.01887164738571
50.21039524135492,55.79757852348839,89.0980699317695
50.49228114452876,55.95539297206456,89.1772682161533
50.774167047702605,56.11320742064073,89.25646650053709
51.0560529508765,56.271021869216916,89.3356647849209
51.33793885405034,56.428836317793085,89.41486306930469
51.61982475722419,56.58665076636925,89.49406135368848
51.90171066039803,56.744465214945414,89.57325963807227
52.183596563571875,56.90227966352158,89.65245792245607
52.46548246674572,57.06009411209775,89.73165620683986
52.74736836991961,57.21790856067394,89.81085449122367
53.02925427309346,57.37572300925011,89.89005277560746
53.311140176267294,57.53353745782628,89.96925105999125
53.59302607944114,57.691351906402446,90.04844934437504
53.87491198261498,57.84916635497861,90.12764762875884
54.156797885788826,58.006980803554775,90.20684591314263
54.43868378896272,58.16479525213097,90.28604419752644
54.720569692136564,58.32260970070713,90.36524248191023
55.00245559531041,58.4804241492833,90.44444076629402
55.28434149848425,58.63823859785947,90.52363905067782
55.5662274016581,58.79605304643563,90.60283733506161
55.84811330483194,58.9538674950118,90.6820356194454
56.129999208005835,59.111681943587996,90.76123390382921
56.41188511117967,59.269496392164164,90.840432188213
56.693771014353516,59.427310840740326,90.9196304725968
56.97565691752736,59.585125289316494,90.99882875698059
57.257542820701204,59.74293973789266,91.07802704136438
57.53942872387505,59.90075418646883,91.15722532574817
57.82131462704889,60.05856863504499,91.23642361013196
58.04395679996694,60.19326032815048,91.31562189451577
58.130613214279066,60.27487694596673,91.39482017889956
58.21726962859118,60.356493563782976,91.47401846328336
58.303926042903306,60.43811018159923,91.55321674766715
58.39058245721542,60.51972679941548,91.63241503205094
58.47723887152755,60.60134341723173,91.71161331643474
58.563895285839685,60.68296003504799,91.79081160081854
58.6505517001518,60.76457665286424,91.87000988520234
58.737208114463925,60.846193270680494,91.94920816958613
58.82386452877604,60.927809888496746,92.02840645396992
58.910520943088166,61.00942650631299,92.10760473835371
58.99717735740028,61.09104312412924,92.18680302273751
59.08383377171242,61.17265974194551,92.26600130712131
59.170490186024544,61.254276359761754,92.34519959150511
59.25714660033666,61.335892977578006,92.4243978758889
59.343803014648785,61.41750959539426,92.50359616027269
59.4304594289609,61.49912621321051,92.58279444465649
59.517115843273025,61.580742831026754,92.66199272904028
59.60377225758516,61.66235944884302,92.74119101342409
59.69042867189728,61.74397606665927,92.82038929780788
59.777085086209404,61.825592684475524,92.89958758219167
59.86374150052152,61.90720930229177,92.97878586657546
59.950397914833644,61.98882592010802,93.05798415095926
60.03705432914576,62.07044253792427,93.13718243534305
60.1237107434579,62.15205915574053,93.21638071972686
60.21036715777002,62.23367577355678,93.29557900411065
60.29702357208214,62.315292391373035,93.37477728849444
60.38367998639426,62.39690900918929,93.45397557287824
60.47033640070638,62.47852562700553,93.53317385726203
60.5569928150185,62.56014224482178,93.61237214164582
60.64364922933062,62.641758862638035,93.69157042602961
60.73030564364276,62.7233754804543,93.77076871041342
60.81696205795488,62.804992098270546,93.84996699479721
60.903618472267,62.8866087160868,93.929165279181
60.99027488657912,62.96822533390305,94.0083635635648
61.07693130089124,63.049841951719294,94.08756184794859
61.16358771520336,63.131458569535546,94.16676013233239
61.2502441295155,63.21307518735181,94.24595841671619
61.33690054382762,63.294691805168064,94.32515670109998
61.42355695813974,63.37630842298431,94.40435498548378
61.51021337245186,63.45792504080056,94.48355326986757
61.59686978676398,63.53954165861681,94.56275155425136
61.6835262010761,63.621158276433064,94.64194983863516
61.77018261538824,63.70277489424932,94.72114812301896
61.85683902970036,63.784391512065575,94.80034640740276
61.94349544401248,63.86600812988183,94.87954469178655
62.0301518583246,63.94762474769807,94.95874297617034
62.11680827263672,64.02924136551432,95.03794126055413
62.20346468694884,64.11085798333058,95.11713954493793
62.29012110126098,64.19247460114684,95.19633782932173
62.376777515573096,64.2740912189631,95.27553611370553
62.46343392988522,64.35570783677935,95.35473439808932
62.550090344197336,64.43732445459558,95.43393268247311
62.63674675850946,64.51894107241183,95.5131309668569
62.72340317282158,64.60055769022809,95.5923292512407
62.8100595871337,64.68217430804434,95.67152753562449
62.89671600144584,64.7637909258606,95.7507258200083
62.983372415757955,64.84540754367686,95.82992410439209
63.07002883007008,64.92702416149311,95.90912238877588
63.156685244382196,65.00864077930935,95.98832067315968
63.24334165869432,65.0902573971256,96.06751895754347
63.329998073006436,65.17187401494185,96.14671724192726
63.416654487318574,65.25349063275812,96.22591552631107
63.5033109016307,65.33510725057437,96.30511381069486
63.589967315942815,65.41672386839062,96.38431209507866
63.67662373025494,65.49834048620687,96.46351037946245
63.763280144567055,65.57995710402312,96.54270866384624
63.84993655887918,65.66157372183936,96.62190694823003
63.93659297319132,65.74319033965563,96.70110523261384
64.02324938750344,65.82480695747188,96.78030351699763
64.07945666951541,65.8905671007607,96.85950180138143
64.0822501683409,65.92851186053839,96.93870008576522
64.08504366716639,65.96645662031607,97.01789837014901
64.08783716599187,66.00440138009375,97.0970966545328
64.09063066481737,66.04234613987144,97.17629493891661
64.09342416364285,66.08029089964911,97.2554932233004
64.09621766246833,66.1182356594268,97.3346915076842
64.09901116129383,66.15618041920449,97.41388979206799
64.10180466011931,66.19412517898216,97.49308807645178
64.1045981589448,66.23206993875985,97.57228636083558
64.1073916577703,66.27001469853752,97.65148464521937
64.11018515659578,66.30795945831521,97.73068292960318
64.11297865542126,66.3459042180929,97.80988121398697
64.11577215424676,66.38384897787057,97.88907949837076
64.11856565307224,66.42179373764826,97.96827778275456
64.12135915189772,66.45973849742595,98.04747606713835
64.1241526507232,66.49768325720362,98.12667435152214
64.1269461495487,66.5356280169813,98.20587263590595
64.12973964837418,66.573572776759,98.28507092028974
64.13253314719967,66.61151753653667,98.36426920467353
64.13532664602516,66.64946229631435,98.44346748905733
64.13812014485065,66.68740705609204,98.52266577344112
64.14091364367613,66.72535181586971,98.60186405782491
64.14370714250163,66.7632965756474,98.68106234220872
64.14650064132711,66.80124133542509,98.76026062659251
64.14929414015259,66.83918609520276,98.8394589109763
64.15208763897809,66.87713085498045,98.9186571953601
64.15488113780357,66.91507561475814,98.99785547974389
64.15767463662905,66.95302037453581,99.07705376412768
64.16046813545455,66.9909651343135,99.15625204851149
64.16326163428003,67.02890989409119,99.23545033289528
64.16605513310552,67.06685465386886,99.31464861727908
64.168848631931,67.10479941364655,99.39384690166287
64.1716421307565,67.14274417342422,99.47304518604666
64.17443562958198,67.1806889332019,99.55224347043045
64.17722912840746,67.2186336929796,99.63144175481425
64.18002262723296,67.25657845275728,99.71064003919805
64.18281612605844,67.29452321253495,99.78983832358185
64.18560962488392,67.33246797231264,99.86903660796564
64.18840312370942,67.37041273209032,99.94823489234943
64.1911966225349,67.408357491868,100.02743317673323
64.19399012136039,67.44630225164569,100.10663146111702
64.19678362018588,67.48424701142338,100.18582974550083
64.19957711901137,67.52219177120105,100.26502802988462
64.20237061783685,67.56013653097874,100.34422631426841
64.20516411666235,67.59808129075641,100.4234245986522
64.20795761548783,67.6360260505341,100.502622883036
64.21075111431331,67.67397081031177,100.58182116741979
64.21354461313881,67.71191557008947,100.6610194518036
64.21633811196429,67.74986032986715,100.74021773618739
64.21913161078977,67.78780508964483,100.81941602057118
64.22192510961526,67.82574984942251,100.89861430495498
64.22471860844075,67.8636946092002,100.97781258933877
64.22751210726624,67.90163936897787,101.05701087372256
64.23030560609172,67.93958412875557,101.13620915810637
64.23309910491722,67.97752888853324,101.21540744249016
64.2358926037427,68.01547364831093,101.29460572687395
64.23868610256818,68.0534184080886,101.37380401125775
64.24147960139368,68.09136316786629,101.45300229564154
64.24427310021916,68.12930792764396,101.53220058002533
64.24706659904464,68.16725268742165,101.61139886440913
64.24986009787014,68.20519744719934,101.69059714879293
64.25265359669562,68.24314220697703,101.76979543317672
64.2554470955211,68.2810869667547,101.84899371756052
64.25824059434659,68.31903172653239,101.92819200194431
64.26103409317209,68.35697648631006,102.0073902863281
64.26382759199757,68.39492124608775,102.0865885707119
64.26662109082305,68.43286600586543,102.1657868550957
64.26941458964855,68.47081076564312,102.2449851394795
64.27220808847403,68.5087555254208,102.32418342386329
64.27500158729951,68.54670028519848,102.40338170824708
64.27779508612501,68.58464504497616,102.48257999263087
64.2805885849505,68.62258980475384,102.56177827701467
64.28338208377598,68.66053456453153,102.64097656139847
64.28617558260147,68.6984793243092,102.72017484578227
64.28896908142696,68.73642408408689,102.79937313016606
64.29176258025244,68.77436884386458,102.87857141454985
64.29455607907794,68.81231360364225,102.95776969893365
64.29734957790342,68.85025836341994,103.03696798331744
64.3001430767289,68.88820312319763,103.11616626770125
64.3029365755544,68.9261478829753,103.19536455208504
64.30573007437988,68.96409264275299,103.27456283646883
64.30852357320536,69.00203740253068,103.35376112085262
64.31131707203085,69.03998216230835,103.43295940523642
64.31411057085634,69.07792692208604,103.51215768962021
64.31690406968183,69.11587168186371,103.591355974004
64.31969756850731,69.1538164416414,103.67055425838781
64.3224910673328,69.19176120141908,103.7497525427716
64.32528456615829,69.22970596119677,103.8289508271554
64.32807806498377,69.26765072097444,103.90814911153919
64.33087156380927,69.30559548075213,103.98734739592298
64.33366506263475,69.3435402405298,104.06654568030677
64.33645856146023,69.38148500030749,104.14574396469058
64.33925206028573,69.41942976008518,104.22494224907437
64.34204555911121,69.45737451986285,104.30414053345817
64.3448390579367,69.49531927964054,104.38333881784196
64.34763255676219,69.53326403941823,104.46253710222575
64.35042605558768,69.5712087991959,104.54173538660955
64.35321955441316,69.60915355897359,104.62093367099335
64.35601305323864,69.64709831875128,104.70013195537715
64.35880655206414,69.68504307852895,104.77933023976094
64.36160005088962,69.72298783830664,104.85852852414473
64.3643935497151,69.76093259808432,104.93772680852852
64.3671870485406,69.798877357862,105.01692509291232
64.36998054736608,69.83682211763968,105.09612337729612
64.37277404619157,69.87476687741737,105.17532166167992
64.37556754501706,69.91271163719505,105.25451994606371
64.37836104384255,69.95065639697273,105.3337182304475
64.38115454266803,69.9886011567504,105.4129165148313
64.38394804149353,70.0265459165281,105.49211479921509
64.38674154031901,70.06449067630578,105.57131308359888
64.38953503914449,70.10243543608347,105.65051136798269
64.39232853796999,70.14038019586114,105.72970965236648
64.39512203679547,70.17832495563883,105.80890793675027
64.39791553562095,70.2162697154165,105.88810622113407
64.40070903444644,70.25421447519419,105.96730450551786
64.40350253327193,70.29215923497188,106.04650278990165
64.40629603209742,70.33010399474956,106.12570107428546
64.4090895309229,70.36804875452724,106.20489935866925
64.4118830297484,70.40599351430492,106.28409764305304
64.41467652857388,70.4439382740826,106.36329592743684
64.41747002739936,70.48188303386029,106.44249421182063
64.42026352622486,70.51982779363797,106.52169249620442
64.42305702505034,70.55777255341566,106.60089078058823
64.42585052387582,70.59571731319333,106.68008906497202
64.42864402270132,70.63366207297102,106.75928734935582
64.4314375215268,70.6716068327487,106.83848563373961
64.43423102035229,70.70955159252638,106.9176839181234
64.43702451917778,70.74749635230407,106.9968822025072
64.43981801800327,70.78544111208176,107.076080486891
64.44261151682875,70.82338587185943,107.1552787712748
64.44540501565425,70.86133063163712,107.23447705565859
64.44819851447973,70.89927539141479,107.31367534004238
64.45099201330521,70.93722015119248,107.39287362442617
64.4537855121307,70.97516491097015,107.47207190880997
64.45657901095619,71.01310967074784,107.55127019319376
64.45937250978167,71.05105443052553,107.63046847757757
64.46216600860716,71.08899919030321,107.70966676196136
64.46495950743265,71.12694395008089,107.78886504634515
64.46775300625814,71.16488870985857,107.86806333072894
64.47054650508362,71.20283346963625,107.94726161511274
64.47334000390912,71.24077822941393,108.02645989949653
64.4761335027346,71.27872298919162,108.10565818388034
64.47892700156008,71.31666774896931,108.18485646826413
64.48172050038558,71.35461250874698,108.26405475264792
64.48451399921106,71.39255726852467,108.34325303703172
64.48730749803654,71.43050202830234,108.42245132141551
64.49010099686204,71.46844678808003,108.5016496057993
64.49289449568752,71.50639154785772,108.58084789018311
64.495687994513,71.5443363076354,108.6600461745669
64.49848149333849,71.58228106741308,108.7392444589507
64.50127499216399,71.62022582719077,108.81844274333449
64.50406849098947,71.65817058696844,108.89764102771828
64.50686198981495,71.69611534674613,108.97683931210207
64.50965548864045,71.73406010652381,109.05603759648588
64.51244898746593,71.7720048663015,109.13523588086967
64.51524248629141,71.80994962607917,109.21443416525346
64.51803598511691,71.84789438585686,109.29363244963726
64.52082948394239,71.88583914563453,109.37283073402105
64.52362298276788,71.92378390541222,109.45202901840484
64.52641648159337,71.9617286651899,109.53122730278864
64.52920998041886,71.99967342496758,109.61042558717244
64.53200347924434,72.03761818474527,109.68962387155624
64.53479697806983,72.07556294452296,109.76882215594003
64.53759047689532,72.11350770430063,109.84802044032382
64.5403839757208,72.15145246407832,109.92721872470761
64.54317747454628,72.18939722385599,110.00641700909141
64.54597097337178,72.22734198363368,110.08561529347521
64.54876447219726,72.26528674341137,110.16481357785901
64.55155797102275,72.30323150318905,110.2440118622428
64.55435146984824,72.34117626296673,110.3232101466266
64.55714496867373,72.37912102274441,110.40240843101039
64.55993846749921,72.41706578252209,110.48160671539418
64.5627319663247,72.45501054229977,110.56080499977799
64.56552546515019,72.49295530207746,110.64000328416178
64.56831896397567,72.53090006185514,110.71920156854557
64.57111246280117,72.56884482163282,110.79839985292936
64.57390596162665,72.60678958141051,110.87759813731316
64.57669946045213,72.64473434118818,110.95679642169695
64.57949295927763,72.68267910096587,111.03599470608076
64.58228645810311,72.72062386074356,111.11519299046455
64.5850799569286,72.75856862052123,111.19439127484834
64.58787345575408,72.79651338029892,111.27358955923214
64.59066695457958,72.8344581400766,111.35278784361593
64.59346045340506,72.87240289985428,111.43198612799972
64.59625395223054,72.91034765963197,111.51118441238353
64.59904745105604,72.94829241940965,111.59038269676732
64.60184094988152,72.98623717918733,111.66958098115111
64.604634448707,73.02418193896501,111.7487792655349
64.6074279475325,73.0621266987427,111.8279775499187
64.61022144635798,73.10007145852038,111.90717583430249
64.61301494518347,73.13801621829806,111.98637411868629
64.61580844400896,73.17596097807575,112.06557240307009
64.61860194283445,73.21390573785342,112.14477068745389
64.62139544165993,73.25185049763111,112.22396897183768
64.62418894048542,73.2897952574088,112.30316725622147
64.62698243931091,73.32774001718647,112.38236554060526
64.62977593813639,73.36568477696416,112.46156382498906
64.63256943696189,73.40362953674185,112.54076210937286
64.63536293578737,73.44157429651952,112.61996039375666
64.63815643461285,73.4795190562972,112.69915867814045
64.64094993343834,73.51746381607488,112.77835696252424
64.64374343226383,73.55540857585257,112.85755524690803
64.64653693108932,73.59335333563025,112.93675353129183
64.6493304299148,73.63129809540794,113.01595181567563
64.6521239287403,73.66924285518562,113.09515010005943
64.65491742756578,73.7071876149633,113.17434838444322
64.65771092639126,73.74513237474098,113.25354666882701
64.66050442521676,73.78307713451866,113.3327449532108
64.66329792404224,73.82102189429634,113.4119432375946
64.66609142286772,73.85896665407404,113.4911415219784
64.66888492169322,73.89691141385171,113.5703398063622
64.6716784205187,73.9348561736294,113.64953809074599
64.67447191934419,73.97280093340707,113.72873637512978
64.67726541816968,74.01074569318476,113.80793465951358
64.68005891699516,74.04869045296243,113.88713294389737
64.68285241582065,74.08663521274012,113.96633122828116
64.68564591464613,74.12457997251781,114.04552951266497
64.68843941347163,74.1625247322955,114.12472779704876
64.69123291229711,74.20046949207317,114.20392608143256
64.69402641112259,74.23841425185086,114.28312436581635
64.69681990994809,74.27635901162853,114.36232265020014
64.69961340877357,74.31430377140622,114.44152093458393
64.70240690759906,74.3522485311839,114.52071921896774
64.70520040642455,74.39019329096159,114.59991750335153
64.70799390525004,74.42813805073926,114.67911578773533
64.71078740407552,74.46608281051695,114.75831407211912
64.71358090290101,74.50402757029462,114.83751235650291
64.7163744017265,74.54197233007231,114.9167106408867
64.71916790055198,74.57991708985,114.99590892527051
64.72196139937748,74.61786184962769,115.0751072096543
64.72475489820296,74.65580660940536,115.1543054940381
64.72754839702844,74.69375136918305,115.23350377842189
64.73034189585393,74.73169612896072,115.31270206280568
64.73313539467942,74.76964088873841,115.39190034718948
64.7359288935049,74.8075856485161,115.47109863157328
64.73872239233039,74.84553040829377,115.55029691595708
64.74151589115588,74.88347516807146,115.62949520034087
64.74430938998137,74.92141992784914,115.70869348472466
64.74710288880685,74.95936468762682,115.78789176910846
64.74989638763235,74.9973094474045,115.86709005349225
64.75268988645783,75.03525420718218,115.94628833787604
64.75548338528331,75.07319896695986,116.02548662225985
64.75827688410881,75.11114372673755,116.10468490664364
64.76107038293429,75.14908848651524,116.18388319102743
64.76386388175978,75.18703324629291,116.26308147541123
64.76665738058527,75.2249780060706,116.34227975979502
64.76945087941075,75.26292276584827,116.42147804417881
64.77224437823624,75.30086752562596,116.50067632856262
64.77503787706173,75.33881228540365,116.57987461294641
64.77783137588722,75.37675704518134,116.6590728973302
64.7806248747127,75.41470180495901,116.738271181714
64.78341837353818,75.4526465647367,116.81746946609779
64.78621187236368,75.49059132451437,116.89666775048158
64.78900537118916,75.52853608429206,116.97586603486539
64.79179887001465,75.56648084406974,117.05506431924918
64.79459236884014,75.60442560384743,117.13426260363298
64.79738586766562,75.6423703636251,117.21346088801677
64.80017936649111,75.68031512340279,117.29265917240056
64.8029728653166,75.71825988318047,117.37185745678435
64.80576636414209,75.75620464295815,117.45105574116816
64.80855986296757,75.79414940273584,117.53025402555195
64.81135336179307,75.83209416251353,117.60945230993575
64.81414686061855,75.8700389222912,117.68865059431954
64.81694035944403,75.90798368206889,117.76784887870333
64.81973385826953,75.94592844184656,117.84704716308713
64.82252735709501,75.98387320162425,117.92624544747092
64.8253208559205,76.02181796140194,118.00544373185473
64.82811435474598,76.05976272117961,118.08464201623852
64.83090785357147,76.0977074809573,118.16384030062231
64.83370135239696,76.13565224073497,118.2430385850061
64.83649485122244,76.17359700051266,118.3222368693899
64.83928835004794,76.21154176029034,118.40143515377369
64.84208184887342,76.24948652006803,118.4806334381575
64.8448753476989,76.2874312798457,118.55983172254129
64.8476688465244,76.3253760396234,118.63903000692508
64.85046234534988,76.36332079940107,118.71822829130888
64.85325584417537,76.40126555917875,118.79742657569267
64.85604934300086,76.43921031895644,118.87662486007646
64.85884284182634,76.47715507873413,118.95582314446027
64.85465551997551,76.49048398853462,119.03502142884406
64.84145930522241,76.47204563680165,119.11421971322785
64.82826309046932,76.45360728506868,119.19341799761165
64.81506687571623,76.43516893333572,119.27261628199544
64.80187066096313,76.41673058160275,119.35181456637923
64.78867444621004,76.39829222986977,119.43101285076304
64.77547823145694,76.3798538781368,119.51021113514683
64.76228201670385,76.36141552640383,119.58940941953063
64.74908580195076,76.34297717467086,119.66860770391442
64.73588958719766,76.3245388229379,119.74780598829821
64.72269337244457,76.30610047120493,119.827004272682
64.70949715769147,76.28766211947196,119.9062025570658
64.69630094293838,76.26922376773898,119.9854008414496
64.68310472818528,76.25078541600601,120.0645991258334
64.66990851343219,76.23234706427304,120.14379741021719
64.6567122986791,76.21390871254007,120.22299569460098
64.64351608392599,76.19547036080711,120.30219397898477
64.6303198691729,76.17703200907414,120.38139226336857
64.6171236544198,76.15859365734116,120.46059054775237
64.6039274396667,76.14015530560819,120.53978883213617
64.59073122491361,76.12171695387522,120.61898711651996
64.57753501016052,76.10327860214225,120.69818540090375
64.56433879540742,76.08484025040929,120.77738368528755
64.55114258065433,76.06640189867632,120.85658196967134
64.53794636590123,76.04796354694335,120.93578025405515
64.52475015114814,76.02952519521038,121.01497853843894
64.51155393639505,76.0110868434774,121.09417682282273
64.49835772164195,75.99264849174443,121.17337510720652
64.48516150688886,75.97421014001146,121.25257339159032
64.47196529213576,75.9557717882785,121.33177167597411
64.45876907738266,75.93733343654553,121.41096996035792
64.44557286262956,75.91889508481256,121.49016824474171
64.43237664787647,75.9004567330796,121.5693665291255
64.41918043312337,75.88201838134661,121.6485648135093
64.40598421837028,75.86358002961364,121.72776309789309
64.39278800361718,75.84514167788068,121.80696138227688
64.37959178886409,75.82670332614771,121.88615966666067
64.366395574111,75.80826497441474,121.96535795104448
64.3531993593579,75.78982662268177,122.04455623542827
64.34000314460481,75.7713882709488,122.12375451981207
64.32680692985171,75.75294991921584,122.20295280419586
64.31361071509862,75.73451156748285,122.28215108857965
64.30041450034552,75.71607321574989,122.36134937296345
64.28721828559243,75.69763486401692,122.44054765734725
64.27402207083934,75.67919651228395,122.51974594173105
64.26082585608623,75.66075816055098,122.59894422611484
64.24762964133313,75.64231980881802,122.67814251049863
64.23443342658004,75.62388145708505,122.75734079488242
64.22123721182695,75.60544310535208,122.83653907926622
64.20804099707385,75.5870047536191,122.91573736365002
64.19484478232076,75.56856640188613,122.99493564803382
64.18164856756766,75.55012805015316,123.07413393241761
64.16845235281457,75.5316896984202,123.1533322168014
64.15525613806147,75.51325134668723,123.2325305011852
64.14205992330838,75.49481299495426,123.31172878556899
64.12886370855529,75.47637464322128,123.3909270699528
64.11566749380219,75.45793629148831,123.47012535433659
64.1024712790491,75.43949793975534,123.54932363872038
64.089275064296,75.42105958802237,123.62852192310417
64.07607884954291,75.4026212362894,123.70772020748797
64.06288263478982,75.38418288455644,123.78691849187176
64.04968642003672,75.36574453282347,123.86611677625555
64.03649020528361,75.34730618109049,123.94531506063936
64.02329399053052,75.32886782935752,124.02451334502315
64.01009777577742,75.31042947762455,124.10371162940694
63.99690156102433,75.29199112589158,124.18290991379074
63.983705346271236,75.27355277415862,124.26210819817453
63.97050913151814,75.25511442242565,124.34130648255832
63.95731291676505,75.23667607069268,124.42050476694213
63.944116702011954,75.2182377189597,124.49970305132592
63.93092048725886,75.19979936722673,124.57890133570972
63.917724272505765,75.18136101549376,124.65809962009351
63.904528057752664,75.1629226637608,124.7372979044773
63.89133184299957,75.14448431202783,124.8164961888611
63.878135628246476,75.12604596029486,124.8956944732449
63.86493941349338,75.10760760856189,124.9748927576287
63.85174319874029,75.08916925682892,125.05409104201249
63.83854698398719,75.07073090509594,125.13328932639628
63.8253507692341,75.05229255336297,125.21248761078007
63.812154554481005,75.03385420163,125.29168589516387
63.7989583397279,75.01541584989704,125.37088417954767
63.78576212497481,74.99697749816407,125.45008246393147
63.772565910221715,74.9785391464311,125.52928074831526
63.75936969546862,74.96010079469814,125.60847903269905
63.74617348071553,74.94166244296517,125.68767731708284
63.73297726596243,74.92322409123219,125.76687560146664
63.71978105120934,74.90478573949922,125.84607388585043
63.70658483645624,74.88634738776625,125.92527217023424
63.69338862170314,74.86790903603328,126.00447045461803
63.68019240695005,74.84947068430031,126.08366873900182
63.666996192196954,74.83103233256735,126.16286702338562
63.65379997744386,74.81259398083438,126.24206530776941
63.640603762690766,74.7941556291014,126.3212635921532
63.627407547937665,74.77571727736843,126.40046187653701
63.61421133318457,74.75727892563546,126.4796601609208
63.60101511843148,74.7388405739025,126.5588584453046
63.58781890367838,74.72040222216953,126.63805672968839
63.57462268892529,74.70196387043656,126.71725501407218
63.561426474172194,74.68352551870359,126.79645329845597
63.5482302594191,74.66508716697061,126.87565158283978
63.535034044666006,74.64664881523764,126.95484986722357
63.521837829912904,74.62821046350467,127.03404815160737
63.50864161515981,74.6097721117717,127.11324643599116
63.495445400406716,74.59133376003874,127.19244472037495
63.48224918565362,74.57289540830577,127.27164300475874
63.46905297090053,74.55445705657279,127.35084128914255
63.45585675614743,74.53601870483982,127.43003957352634
63.44266054139434,74.51758035310685,127.50923785791014
63.429464326641245,74.49914200137388,127.58843614229393
63.416268111888144,74.48070364964092,127.66763442667772
63.40307189713505,74.46226529790795,127.74683271106151
63.389875682381955,74.44382694617498,127.82603099544531
63.37667946762886,74.42538859444201,127.90522927982911
63.36348325287577,74.40695024270903,127.98442756421291
63.35028703812267,74.38851189097606,128.0636258485967
63.33709082336957,74.3700735392431,128.1428241329805
63.323894608616484,74.35163518751013,128.2220224173643
63.31069839386338,74.33319683577716,128.3012207017481
63.29750217911029,74.31475848404419,128.38041898613187
63.284305964357195,74.29632013231122,128.45961727051568
63.2711097496041,74.27788178057826,128.53881555489946
63.25875352330809,74.26003381298948,128.61801383928326
63.263040612118026,74.2538835648904,128.69721212366707
63.267327700927964,74.24773331679133,128.77641040805085
63.2716147897379,74.24158306869224,128.85560869243466
63.27590187854784,74.23543282059316,128.93480697681844
63.28018896735778,74.22928257249409,129.01400526120224
63.284476056167726,74.223132324395,129.09320354558605
63.288763144977665,74.21698207629592,129.17240182996983
63.2930502337876,74.21083182819685,129.25160011435364
63.29733732259754,74.20468158009777,129.33079839873741
63.30162441140748,74.19853133199868,129.40999668312122
63.30591150021742,74.1923810838996,129.489194967505
63.31019858902736,74.18623083580053,129.5683932518888
63.3144856778373,74.18008058770145,129.6475915362726
63.318772766647236,74.17393033960236,129.7267898206564
63.323059855457174,74.16778009150329,129.8059881050402
63.32734694426711,74.16162984340421,129.88518638942398
63.33163403307706,74.15547959530512,129.96438467380779
63.33592112188699,74.14932934720605,130.04358295819156
63.340208210696936,74.14317909910697,130.12278124257537
63.344495299506875,74.1370288510079,130.20197952695918
63.34878238831681,74.13087860290881,130.28117781134296
63.35306947712675,74.12472835480973,130.36037609572676
63.35735656593669,74.11857810671066,130.43957438011054
63.36164365474663,74.11242785861157,130.51877266449435
63.36593074355657,74.10627761051249,130.59797094887816
63.37021783236651,74.10012736241342,130.67716923326194
63.374504921176445,74.09397711431434,130.75636751764574
63.378792009986384,74.08782686621525,130.83556580202952
63.38307909879633,74.08167661811618,130.91476408641333
63.38736618760627,74.0755263700171,130.9939623707971
63.39165327641621,74.06937612191801,131.0731606551809
63.395940365226146,74.06322587381894,131.15235893956472
63.400227454036084,74.05707562571986,131.2315572239485
63.40451454284602,74.05092537762079,131.3107555083323
63.40880163165596,74.0447751295217,131.38995379271608
63.4130887204659,74.03862488142262,131.4691520770999
63.41737580927584,74.03247463332355,131.5483503614837
63.42166289808578,74.02632438522447,131.62754864586748
63.42594998689572,74.02017413712538,131.70674693025128
63.43023707570566,74.0140238890263,131.78594521463506
63.4345241645156,74.00787364092723,131.86514349901887
63.43881125332554,74.00172339282814,131.94434178340265
63.44309834213548,73.99557314472906,132.02354006778646
63.44738543094542,73.98942289662999,132.10273835217026
63.451672519755355,73.98327264853091,132.18193663655404
63.455959608565294,73.97712240043182,132.26113492093785
63.46024669737523,73.97097215233275,132.34033320532163
63.46453378618517,73.96482190423367,132.41953148970543
63.46882087499511,73.95867165613458,132.4987297740892
63.473107963805056,73.95252140803551,132.57792805847302
63.477395052614995,73.94637115993643,132.65712634285683
63.48168214142493,73.94022091183736,132.7363246272406
63.48596923023487,73.93407066373827,132.8155229116244
63.49025631904481,73.92792041563919,132.8947211960082
63.49454340785475,73.92177016754012,132.973919480392
63.49883049666469,73.91561991944103,133.0531177647758
63.50311758547463,73.90946967134195,133.13231604915958
63.507404674284565,73.90331942324288,133.2115143335434
63.511691763094504,73.8971691751438,133.29071261792717
63.51597885190445,73.89101892704471,133.36991090231098
63.52026594071439,73.88486867894564,133.44910918669476
63.52455302952433,73.87871843084656,133.52830747107856
63.528840118334266,73.87256818274747,133.60750575546237
63.533127207144204,73.8664179346484,133.68670403984615
63.53741429595414,73.86026768654932,133.76590232422996
63.54170138476408,73.85411743845025,133.84510060861373
63.54598847357402,73.84796719035116,133.92429889299754
63.55027556238396,73.84181694225208,134.00349717738132
63.5545626511939,73.835666694153,134.08269546176513
63.55884974000384,73.82951644605392,134.16189374614893
63.56313682881378,73.82336619795484,134.2410920305327
63.56742391762372,73.81721594985576,134.32029031491652
63.57171100643366,73.81106570175669,134.3994885993003
63.5759980952436,73.8049154536576,134.4786868836841
63.58028518405354,73.79876520555852,134.5578851680679
63.584572272863475,73.79261495745945,134.6370834524517
63.588859361673414,73.78646470936036,134.7162817368355
63.59314645048335,73.78031446126128,134.79548002121928
63.59743353929329,73.77416421316221,134.87467830560308
63.60172062810323,73.76801396506313,134.95387658998686
63.60600771691317,73.76186371696404,135.03307487437067
63.610294805723115,73.75571346886497,135.11227315875448
63.61458189453305,73.74956322076589,135.19147144313825
63.61886898334299,73.7434129726668,135.27066972752206
63.62315607215293,73.73726272456773,135.34986801190584
63.62744316096287,73.73111247646865,135.42906629628965
63.63173024977281,73.72496222836958,135.50826458067345
63.63601733858275,73.71881198027049,135.58746286505723
63.640304427392685,73.71266173217141,135.66666114944104
63.644591516202624,73.70651148407234,135.74585943382482
63.64887860501256,73.70036123597325,135.82505771820863
63.6531656938225,73.69421098787417,135.9042560025924
63.65745278263245,73.6880607397751,135.9834542869762
63.661739871442386,73.68191049167602,136.06265257136002
63.666026960252324,73.67576024357693,136.1418508557438
63.67031404906226,73.66960999547786,136.2210491401276
63.6746011378722,73.66345974737878,136.30024742451138
63.67888822668214,73.65730949927969,136.3794457088952
63.68317531549208,73.65115925118062,136.45864399327897
63.68746240430202,73.64500900308154,136.53784227766278
63.691749493111956,73.63885875498246,136.61704056204658
63.696036581921895,73.63270850688338,136.69623884643036
63.70032367073184,73.6265582587843,136.77543713081417
63.70461075954178,73.62040801068522,136.85463541519795
63.70889784835172,73.61425776258613,136.93383369958175
63.71318493716166,73.60810751448706,137.01303198396556
63.717472025971595,73.60195726638798,137.09223026834934
63.721759114781534,73.59580701828891,137.17142855273315
63.72604620359147,73.58965677018982,137.25062683711693
63.73033329240141,73.58350652209074,137.32982512150073
63.73462038121135,73.57735627399167,137.4090234058845
63.73890747002129,73.57120602589258,137.48822169026832
63.743194558831235,73.5650557777935,137.56741997465213
63.74748164764117,73.55890552969443,137.6466182590359
63.75176873645111,73.55275528159535,137.7258165434197
63.75605582526105,73.54660503349626,137.8050148278035
63.76034291407099,73.54045478539719,137.8842131121873
63.76463000288093,73.53430453729811,137.96341139657108
63.76891709169087,73.52815428919904,138.04260968095488
63.773204180500805,73.52200404109995,138.1218079653387
63.777491269310744,73.51585379300087,138.20100624972247
63.78177835812068,73.5097035449018,138.28020453410628
63.78606544693062,73.5035532968027,138.35940281849005
63.79035253574057,73.49740304870363,138.43860110287386
63.794639624550506,73.49125280060456,138.51779938725767
63.89363478446103,73.5351921017981,138.59699767164145
64.17273928495473,73.67438828646912,138.67619595602525
64.45184378544833,73.8135844711401,138.75539424040903
64.73094828594205,73.95278065581113,138.83459252479284
65.01005278643565,74.0919768404821,138.91379080917662
65.28915728692935,74.23117302515313,138.99298909356042
65.56826178742305,74.37036920982416,139.07218737794423
65.84736628791667,74.50956539449513,139.151385662328
66.12647078841037,74.64876157916616,139.23058394671182
66.40557528890398,74.78795776383713,139.3097822310956
66.68467978939768,74.92715394850816,139.3889805154794
66.9637842898914,75.06635013317918,139.4681787998632
67.242888790385,75.20554631785016,139.547377084247
67.5219932908787,75.34474250252119,139.6265753686308
67.8010977913723,75.48393868719215,139.70577365301457
68.08020229186602,75.62313487186319,139.78497193739838
68.35930679235962,75.76233105653415,139.86417022178216
68.63841129285332,75.90152724120519,139.94336850616597
68.91751579334702,76.04072342587621,140.02256679054977
69.19662029384064,76.17991961054719,140.10176507493355
69.47572479433434,76.31911579521821,140.18096335931736
69.75482929482794,76.45831197988919,140.26016164370114
70.03393379532164,76.59750816456021,140.33935992808495
70.31303829581526,76.73670434923119,140.41855821246872
70.59214279630896,76.87590053390221,140.49775649685253
70.87124729680266,77.01509671857323,140.57695478123634
71.15035179729628,77.15429290324421,140.65615306562012
71.42945629778998,77.29348908791523,140.73535135000392
71.70856079828359,77.43268527258621,140.8145496343877
71.98766529877729,77.57188145725723,140.8937479187715
72.266769799271,77.71107764192826,140.97294620315532
72.47489766973179,77.7990299426837,141.0521444875391
72.48938482640104,77.74717703918718,141.1313427719229
72.50387198307028,77.69532413569068,141.21054105630668
72.51835913973954,77.64347123219416,141.2897393406905
72.53284629640879,77.59161832869766,141.36893762507427
72.54733345307804,77.53976542520114,141.44813590945807
72.5618206097473,77.48791252170462,141.52733419384188
72.57630776641655,77.4360596182081,141.60653247822566
72.59079492308581,77.3842067147116,141.68573076260947
72.60528207975506,77.33235381121509,141.76492904699325
72.6197692364243,77.28050090771856,141.84412733137705
72.63425639309357,77.22864800422204,141.92332561576086
72.64874354976281,77.17679510072554,142.00252390014464
72.66323070643206,77.12494219722902,142.08172218452845
72.67771786310132,77.07308929373251,142.16092046891222
72.69220501977057,77.021236390236,142.24011875329603
72.70669217643982,76.96938348673949,142.3193170376798
72.72117933310908,76.91753058324296,142.39851532206362
72.73566648977832,76.86567767974644,142.47771360644742
72.75015364644757,76.81382477624994,142.5569118908312
72.76464080311683,76.76197187275342,142.636110175215
72.77912795978608,76.71011896925691,142.7153084595988
72.79361511645534,76.6582660657604,142.7945067439826
72.80810227312459,76.60641316226389,142.87370502836637
72.82258942979384,76.55456025876737,142.95290331275018
72.8370765864631,76.50270735527084,143.032101597134
72.85156374313235,76.45085445177435,143.11129988151777
72.86605089980159,76.39900154827782,143.19049816590157
72.88053805647084,76.34714864478133,143.26969645028535
72.8950252131401,76.2952957412848,143.34889473466916
72.90951236980936,76.24344283778828,143.42809301905297
72.92399952647861,76.19158993429177,143.50729130343674
72.93848668314786,76.13973703079526,143.58648958782055
72.9529738398171,76.08788412729875,143.66568787220433
72.96746099648637,76.03603122380223,143.74488615658814
72.98194815315561,75.98417832030573,143.82408444097192
72.99643530982486,75.9323254168092,143.90328272535572
73.01092246649412,75.88047251331268,143.98248100973953
73.02540962316337,75.82861960981617,144.0616792941233
73.03989677983263,75.77676670631966,144.14087757850712
73.05438393650188,75.72491380282315,144.2200758628909
73.06887109317113,75.67306089932663,144.2992741472747
73.08335824984037,75.62120799583013,144.37847243165848
73.09784540650963,75.56935509233361,144.4576707160423
73.11233256317888,75.51750218883708,144.5368690004261
73.12681971984814,75.46564928534058,144.61606728480987
73.14130687651739,75.41379638184407,144.69526556919368
73.15579403318664,75.36194347834756,144.77446385357746
73.1702811898559,75.31009057485103,144.85366213796127
73.18476834652515,75.25823767135451,144.93286042234507
73.1992555031944,75.20638476785801,145.01205870672885
73.21374265986366,75.15453186436149,145.09125699111266
73.2282298165329,75.10267896086499,145.17045527549644
73.24271697320216,75.05082605736847,145.24965355988024
73.25720412987141,74.99897315387196,145.32885184426402
73.27169128654066,74.94712025037543,145.40805012864783
73.28617844320992,74.89526734687891,145.48724841303164
73.30066559987917,74.84341444338241,145.56644669741542
73.31515275654841,74.79156153988589,145.64564498179922
73.32963991321768,74.7397086363894,145.724843266183
73.34412706988692,74.68785573289287,145.8040415505668
73.35861422655618,74.63600282939635,145.88323983495061
73.37310138322543,74.58414992589984,145.9624381193344
73.38758853989468,74.53229702240333,146.0416364037182
73.40207569656393,74.48044411890682,146.12083468810198
73.41656285323319,74.4285912154103,146.2000329724858
73.43105000990244,74.3767383119138,146.27923125686956
73.44553716657168,74.32488540841727,146.35842954125337
73.46002432324094,74.27303250492075,146.43762782563718
73.47451147991019,74.22117960142424,146.51682611002096
73.48899863657945,74.16932669792773,146.59602439440476
73.5034857932487,74.11747379443122,146.67522267878854
73.51797294991795,74.0656208909347,146.75442096317235
73.5324601065872,74.0137679874382,146.83361924755613
73.54694726325646,73.96191508394168,146.91281753193994
73.5614344199257,73.91006218044515,146.99201581632374
73.57592157659496,73.85820927694866,147.07121410070752
73.59040873326421,73.80635637345213,147.15041238509133
73.60489588993346,73.75450346995562,147.2296106694751
73.61938304660272,73.7026505664591,147.30880895385891
73.63387020327197,73.65079766296257,147.38800723824272
73.64835735994122,73.59894475946608,147.4672055226265
73.66284451661048,73.54709185596955,147.5464038070103
73.67733167327972,73.49523895247306,147.6256020913941
73.69181882994899,73.44338604897654,147.7048003757779
73.70630598661823,73.39153314548003,147.78399866016167
73.72079314328748,73.3396802419835,147.86319694454548
73.73528029995674,73.28782733848698,147.94239522892929
73.74976745662599,73.23597443499048,148.02159351331306
73.76425461329524,73.18412153149396,148.10079179769687
73.7787417699645,73.13226862799746,148.17999008208065
73.79322892663374,73.08041572450094,148.25918836646446
73.80771608330299,73.02856282100443,148.33838665084824
73.82220323997225,72.9767099175079,148.41758493523204
73.8366903966415,72.9248570140114,148.49678321961585
73.85117755331075,72.87300411051488,148.57598150399963
73.86566470998001,72.82115120701836,148.65517978838344
73.88015186664926,72.76929830352186,148.7343780727672
73.8946390233185,72.71744540002534,148.81357635715102
73.90912617998777,72.66559249652882,148.89277464153483
73.92361333665701,72.6137395930323,148.9719729259186
73.93810049332627,72.5618866895358,149.0511712103024
73.95258764999552,72.51003378603929,149.1303694946862
73.96707480666477,72.45818088254276,149.20956777907
73.98156196333402,72.40632797904627,149.28876606345378
74.14961265211456,72.62365948068829,149.36796434783759
74.34558793942172,72.88994053656222,149.4471626322214
74.54156322672881,73.15622159243607,149.52636091660517
74.73753851403598,73.42250264831002,149.60555920098898
74.93351380134307,73.68878370418385,149.68475748537276
75.12948908865023,73.9550647600578,149.76395576975656
75.3254643759574,74.22134581593173,149.84315405414037
75.52143966326449,74.48762687180557,149.92235233852415
75.71741495057165,74.75390792767952,150.00155062290796
75.91339023787874,75.02018898355335,150.08074890729173
76.10936552518591,75.2864700394273,150.15994719167554
76.305340812493,75.55275109530115,150.23914547605932
76.50131609980016,75.81903215117508,150.31834376044313
76.69729138710733,76.08531320704903,150.39754204482693
76.89326667441442,76.35159426292286,150.4767403292107
77.08924196172158,76.6178753187968,150.55593861359452
77.28521724902868,76.88415637467065,150.6351368979783
77.48119253633584,77.15043743054459,150.7143351823621
77.67716782364293,77.41671848641843,150.79353346674588
77.8731431109501,77.68299954229236,150.8727317511297
78.06911839825726,77.94928059816631,150.9519300355135
78.26509368556435,78.21556165404016,151.03112831989728
78.46106897287152,78.48184270991409,151.11032660428108
78.65704426017862,78.74812376578794,151.18952488866486
78.85301954748579,79.01440482166188,151.26872317304867
79.04899483479295,79.28068587753582,151.34792145743248
79.24497012210004,79.54696693340966,151.42711974181626
79.4409454094072,79.8132479892836,151.50631802620006
79.6369206967143,80.07952904515744,151.58551631058384
79.76905307887182,80.26430654206261,151.66471459496765
79.81737066264756,80.34208382733341,151.74391287935143
79.86568824642332,80.41986111260425,151.82311116373523
79.91400583019909,80.49763839787508,151.90230944811904
79.96232341397483,80.57541568314588,151.98150773250282
80.01064099775058,80.65319296841672,152.06070601688663
80.05895858152634,80.73097025368752,152.1399043012704
80.1072761653021,80.80874753895834,152.2191025856542
80.15559374907784,80.88652482422914,152.298300870038
80.20391133285361,80.96430210949998,152.3774991544218
80.25222891662936,81.04207939477081,152.4566974388056
80.3005465004051,81.11985668004161,152.53589572318938
80.34886408418087,81.19763396531245,152.6150940075732
80.39718166795662,81.27541125058325,152.69429229195697
80.44549925173237,81.35318853585407,152.77349057634078
80.49381683550814,81.4309658211249,152.85268886072458
80.54213441928388,81.50874310639571,152.93188714510836
80.59045200305965,81.58652039166654,153.01108542949217
80.6387695868354,81.66429767693734,153.09028371387595
80.68708717061115,81.74207496220818,153.16948199825976
80.73540475438689,81.81985224747898,153.24868028264353
80.78372233816266,81.8976295327498,153.32787856702734
80.83203992193842,81.97540681802063,153.40707685141115
80.88035750571417,82.05318410329144,153.48627513579493
80.92867508948993,82.13096138856227,153.56547342017873
80.97699267326567,82.20873867383307,153.6446717045625
81.02531025704144,82.28651595910391,153.72386998894632
81.0736278408172,82.36429324437474,153.80306827333013
81.12194542459294,82.44207052964553,153.8822665577139
81.1702630083687,82.51984781491636,153.9614648420977
81.21858059214445,82.59762510018717,154.0406631264815
81.2668981759202,82.675402385458,154.1198614108653
81.31521575969596,82.7531796707288,154.19905969524908
81.36353334347172,82.83095695599964,154.27825797963288
81.41185092724747,82.90873424127047,154.3574562640167
81.46016851102323,82.98651152654126,154.43665454840047
81.50848609479898,83.06428881181209,154.51585283278428
81.55680367857472,83.1420660970829,154.59505111716805
81.6051212623505,83.21984338235373,154.67424940155186
81.65343884612624,83.29762066762453,154.75344768593564
81.70175642990199,83.37539795289537,154.83264597031945
81.75007401367776,83.4531752381662,154.91184425470325
81.7983915974535,83.530952523437,154.99104253908703
81.84670918122927,83.60872980870782,155.07024082347084
81.89502676500501,83.68650709397863,155.14943910785462
81.94334434878077,83.76428437924946,155.22863739223843
81.99166193255654,83.84206166452029,155.30783567662223
82.03997951633228,83.9198389497911,155.387033961006
82.08829710010804,83.99761623506193,155.46623224538982
82.13661468388378,84.07539352033272,155.5454305297736
82.18493226765955,84.15317080560355,155.6246288141574
82.23324985143529,84.23094809087436,155.70382709854118
82.28156743521106,84.30872537614519,155.783025382925
82.32988501898681,84.38650266141602,155.8622236673088
82.37820260276256,84.46427994668683,155.94142195169258
82.42652018653833,84.54205723195766,156.02062023607638
82.47483777031407,84.61983451722845,156.09981852046016
82.52315535408982,84.6976118024993,156.17901680484397
82.57147293786558,84.7753890877701,156.25821508922775
82.61979052164133,84.85316637304092,156.33741337361155
82.66810810541709,84.93094365831175,156.41661165799536
82.71642568919285,85.00872094358256,156.49580994237914
82.7647432729686,85.08649822885339,156.57500822676295
82.81306085674434,85.16427551412418,156.65420651114673
82.86137844052011,85.24205279939503,156.73340479553053
82.90969602429587,85.31983008466585,156.81260307991434
82.95801360807161,85.39760736993665,156.89180136429812
83.00633119184738,85.47538465520748,156.97099964868193
83.05464877562312,85.55316194047829,157.0501979330657
83.10296635939889,85.63093922574912,157.1293962174495
83.15128394317463,85.70871651101992,157.2085945018333
83.19960152695039,85.78649379629076,157.2877927862171
83.24791911072616,85.86427108156158,157.3669910706009
83.2962366945019,85.94204836683238,157.44618935498468
83.34455427827766,86.01982565210321,157.5253876393685
83.39287186205341,86.09760293737402,157.60458592375227
83.44118944582917,86.17538022264485,157.68378420813607
83.48950702960492,86.25315750791567,157.76298249251988
83.53782461338068,86.33093479318649,157.84218077690366
83.58614219715643,86.40871207845731,157.92137906128747
83.63445978093218,86.48648936372811,158.00057734567125
83.68277736470795,86.56426664899894,158.07977563005505
83.73109494848369,86.64204393426975,158.15897391443883
85.29164395448402,89.14498976250748,158.23817219882264
87.1601994797601,92.14188625900829,158.31737048320645
89.02875500503549,95.13878275550803,158.39656876759022
