x,y,t
5.0,5.0,0.0
4.871564251775564,4.943197091628123,0.07049681904211026
4.742502469510501,4.887847258298801,0.14099363808422052
4.612739870416224,4.834175899737758,0.2114904571263308
4.48217682924233,4.782495090683185,0.28198727616844105
4.350670401837107,4.733273500300875,0.3524840952105513
4.2179006917209,4.687572530227488,0.4229809142526616
4.082543984657112,4.650222684411299,0.49347773329477185
3.9422984981756914,4.643131087179471,0.5639745523368821
3.8114292583196936,4.694265693855992,0.6344713713789923
3.698675349687401,4.778222655654157,0.7049681904211026
3.598013144523324,4.876386737907973,0.7754650094632128
3.506938638081334,4.983511375690328,0.8459618285053232
3.4251091704770618,5.097848661579191,0.9164586475474334
3.352884610643036,5.218471746644319,0.9869554665895437
3.290666567050222,5.344528688311454,1.057452285631654
3.238371849170864,5.474975968452521,1.1279491046737642
3.1948902768019845,5.608512423366953,1.1984459237158744
3.15797297210559,5.743625955843906,1.2689427427579847
3.125909900571417,5.878355089048357,1.339439561800095
3.0998900682123955,6.007937052123055,1.4099363808422052
3.0797696887292574,6.121517922758912,1.4804331998843154
3.059398254305701,6.219481913026101,1.5509300189264257
3.036208433141208,6.314728686559837,1.621426837968536
3.010454015062696,6.409998885412975,1.6919236570106464
2.9824029321978713,6.505117996993314,1.7624204760527566
2.9521608025156967,6.5997403075271945,1.832917295094867
2.919763777760219,6.693647629518396,1.9034141141369771
2.885222374004572,6.78671373429028,1.9739109331790874
2.848537650924979,6.878859112311663,2.0444077522211974
2.8097075157153477,6.970025632054982,2.114904571263308
2.768729409010851,7.060164558052987,2.185401390305418
2.7256015078958375,7.149231296574109,2.2558982093475284
2.680323265663404,7.237183213366494,2.326395028389639
2.6328956399210446,7.323978788810223,2.396891847431749
2.583321168499144,7.409577337649349,2.4673886664738593
2.5316039665815495,7.49393895960512,2.5378854855159694
2.477749678747138,7.577024578842778,2.60838230455808
2.421765401242659,7.658796011847131,2.67887912360019
2.3636595813974424,7.739216037469721,2.7493759426423003
2.3034418972750497,7.8182484571287265,2.8198727616844104
2.2411231189059895,7.895858139028593,2.890369580726521
2.176714951565314,7.97201104270282,2.960866399768631
2.1102298609660353,8.046674221197534,3.0313632188107413
2.041680879598698,8.119815798657608,3.1018600378528514
1.9710813924622177,8.19140492135062,3.172356856894962
1.8984448986605387,8.261411680551813,3.242853675937072
1.823784741940537,8.32980700659496,3.3133504949791823
1.7471137964991827,8.396562535460184,3.383847314021293
1.6684440807861378,8.461650453839063,3.454344133063403
1.5877862445609225,8.525043338142416,3.5248409521055133
1.5051488195202323,8.586714021779029,3.5953377711476233
1.4205370159974486,8.646635560742048,3.665834590189734
1.3339506427675472,8.704781432648042,3.736331409231844
1.2453803515926718,8.761126220664385,3.8068282282739543
1.1548007648116252,8.815647246020312,3.8773250473160643
1.062158057954989,8.868328042350479,3.947821866358175
0.9673484011520411,8.919165610299443,4.018318685400285
0.8701834382161501,8.968186390078221,4.088815504442395
0.7703439697232898,9.01548484863767,4.159312323484506
0.6673458710994096,9.061321965792715,4.229809142526616
0.5606083399443644,9.106354821894636,4.300305961568726
0.44980852497663265,9.151955765769191,4.370802780610836
0.33542725152043934,9.199567245354828,4.441299599652947
0.2174695747818748,9.245103514487887,4.511796418695057
0.0908486979982687,9.25528777796117,4.582293237737167
0.01967142133011783,9.141326929167718,4.652790056779278
0.007494785822301118,9.002828657380102,4.723286875821388
0.00539952658350123,8.862734670868454,4.793783694863498
0.005042464307610304,8.72238651354679,4.864280513905608
0.005008030539876449,8.5819762107934,4.934777332947719
0.005079966042913994,8.441551150272899,5.005274151989829
0.005356215006569556,8.301128372011503,5.075770971031939
0.0063745089020200586,8.16072128682981,5.146267790074049
0.010018369792970553,8.020381406214767,5.21676460911616
0.02014286447070624,7.880423020488827,5.28726142815827
0.04031565549681077,7.7418289704665595,5.35775824720038
0.08114602243301382,7.60942947582585,5.42825506624249
0.18220466355306308,7.5254934743679165,5.498751885284601
0.3043491035734925,7.503933546657446,5.569248704326711
0.42283972066406283,7.48563042196194,5.639745523368821
0.5350949368611386,7.461166838163113,5.710242342410932
0.6417663464579562,7.432790870248891,5.780739161453042
0.7442363617950402,7.402038332728258,5.851235980495152
0.8435084958238588,7.3693854405840025,5.921732799537262
0.9401619556446609,7.334922501176945,5.992229618579373
1.0345006278757516,7.298642635053301,6.062726437621483
1.1266735892404756,7.260524691863331,6.133223256663593
1.2167476319887107,7.220550907711573,6.203720075705703
1.304746634517465,7.178708264336823,6.274216894747814
1.3906718216810405,7.134987118595352,6.344713713789924
1.4745118805175794,7.089380116322703,6.415210532832034
1.5562479711305002,7.041881719014226,6.485707351874144
1.6358562696245467,6.992488154544849,6.556204170916255
1.7133093535507382,6.941197596966174,6.626700989958365
1.788577056108736,6.888010452221519,6.697197809000475
1.8616270801985584,6.832929683157763,6.767694628042586
1.9324255057012059,6.775961139912122,6.838191447084696
2.0009372512262322,6.717113878055674,6.908688266126806
2.0671265189375974,6.6564004540362305,6.979185085168916
2.1309572360405276,6.593837190088331,7.049681904211027
2.1923934990885146,6.52944440139659,7.120178723253137
2.251400023058435,6.463246578206574,7.190675542295247
2.3079425942804512,6.3952725154260825,7.261172361337357
2.361988524047929,6.325555382384565,7.331669180379468
2.4135070978054536,6.2541327260007735,7.402165999421578
2.46247001316759,6.1810464017459426,7.472662818463688
2.5088517987001304,6.106342428517472,7.543159637505798
2.552630204482047,6.0300707658325425,7.613656456547909
2.5937865550512456,5.952285014525317,7.684153275590019
2.6323060554964934,5.873042045233196,7.754650094632129
2.668178042232878,5.792401562175659,7.825146913674239
2.7013961713809413,5.710425612809023,7.89564373271635
2.731958539594067,5.627178056610125,7.96614055175846
2.759867734521051,5.542724008245795,8.03663737080057
2.785130814679149,5.45712927151874,8.10713418984268
2.8077592211459423,5.370459780622309,8.17763100888479
2.8277686259495742,5.282781064367263,8.2481278279269
2.84517872416033,5.194157747251072,8.318624646969011
2.860012978318886,5.104653098707143,8.38912146601112
2.87229832489234,5.01432863884815,8.459618285053232
2.882064852905398,4.923243805786672,8.530115104095342
2.8893454647862695,4.831455686452697,8.600611923137452
2.8941755288764566,4.739018809966841,8.671108742179563
2.896592532091957,4.645985000242055,8.741605561221672
2.896635740013965,4.552403282673704,8.812102380263783
2.8943458703504605,4.458319838564433,8.882599199305893
2.8897647843520455,4.36377800028221,8.953096018348003
2.882935199470514,4.268818279989608,9.023592837390114
2.87390042537715,4.173478425007557,9.094089656432224
2.8627041244466005,4.077793493376987,9.164586475474334
2.8493900969777832,3.98179594385243,9.235083294516444
2.8340020907658885,3.885515735311849,9.305580113558555
2.8165836341476407,3.7889804313239623,9.376076932600665
2.7971778912959246,3.692215306323001,9.446573751642775
2.775827538315103,3.5952434504600688,9.517070570684885
2.752574658556109,3.49808587069496,9.587567389726996
2.7274606554979735,3.4007615860207676,9.658064208769106
2.700526181492455,3.3032877148041626,9.728561027811216
2.6718110806074127,3.205679551933366,9.799057846853326
2.641354343744217,3.1079506324985666,9.869554665895437
2.6091940743320876,3.010112776505625,9.940051484937547
2.5753674638572956,2.9121761046201176,10.010548303979657
2.539910779658687,2.814149006768742,10.081045123021767
2.502859374462418,2.716038033016217,10.151541942063877
2.464247736518062,2.61784766377783,10.222038761105988
2.424109596962386,2.519579922054999,10.292535580148098
2.3824780560306604,2.421233857383626,10.363032399190208
2.3393855051009256,2.3228051318845173,10.43352921823232
2.2948627187509802,2.224286346906512,10.504026037274429
2.2489358515375506,2.125669362041114,10.57452285631654
2.201619373134431,2.0269514928675574,10.64501967535865
2.152902656902967,1.9281477216811358,10.71551649440076
2.102728608835255,1.8293104347700353,10.78601331344287
2.0509648136332443,1.7305565260356432,10.85651013248498
1.9973709963605668,1.6320994458926361,10.92700695152709
1.941570185150953,1.5342819215951111,10.997503770569201
1.8830334599226937,1.4376043493057635,11.06800058961131
1.8210886028957372,1.3427437733215664,11.138497408653421
1.7549610588008266,1.2505572757819616,11.208994227695532
1.6838510985432866,1.162060268011067,11.279491046737641
1.6070426637347317,1.0783662195776473,11.349987865779752
1.5240256587147796,1.0005757155870623,11.420484684821863
1.4345974476800882,0.9296170629521701,11.490981503863972
1.3389026084790843,0.866068220229895,11.561478322906083
1.2373866892465863,0.810013890425065,11.631975141948192
1.1306784772195466,0.7609862703697036,11.702471960990303
1.0194526433685753,0.7179955183935862,11.772968780032414
0.9043384264879539,0.6795991868726223,11.843465599074523
0.785933265054701,0.6439206250351418,11.913962418116634
0.6649578789129097,0.6085589884291854,11.984459237158745
0.5424758382609873,0.570690248064845,12.054956056200854
0.419480848601357,0.5291806605800481,12.125452875242965
0.29271354886244,0.49639263741170214,12.195949694285074
0.16861591555372835,0.546299039854264,12.266446513327185
0.10370266740200978,0.6690635759041846,12.336943332369296
0.0620192713607483,0.8027671742889644,12.407440151411405
0.03328807031013595,0.9400790924218693,12.477936970453516
0.01621443440339839,1.0793911809795598,12.548433789495627
0.008627939899152259,1.219564675111883,12.618930608537736
0.0062109434510268435,1.3599327650312691,12.689427427579847
0.005433417151073068,1.5003274062762622,12.759924246621958
0.004951802135870259,1.6407184631192877,12.830421065664067
0.004447135675012251,1.7810692087303444,12.900917884706178
0.004335402885086463,1.9212686256395959,12.971414703748287
0.006664172326860223,2.060866508544636,13.041911522790398
0.025072707920151288,2.197186943834995,13.11240834183251
0.1217195989793273,2.2841370073731313,13.182905160874618
0.24588568346812817,2.283080740999162,13.25340197991673
0.36503914917069574,2.2575984583857673,13.32389879895884
0.4772514086413064,2.2288764931635923,13.39439561800095
0.5819367130653329,2.200085671367879,13.46489243704306
0.68025211978011,2.169987617328251,13.535389256085171
0.7735269792336069,2.13742273992251,13.60588607512728
0.8625967917853578,2.101774715479665,13.676382894169391
0.9478513913174335,2.062718386220431,13.7468797132115
1.029412095452889,2.0200526457180117,13.817376532253611
1.1072628304550893,1.9736320698342154,13.887873351295722
1.1813242739334124,1.9233427454395995,13.958370170337831
1.2514916425931475,1.8690951640298314,14.028866989379942
1.3176536684285398,1.810823760854776,14.099363808422053
1.3797029283923323,1.748488841606469,14.169860627464162
1.437542570127018,1.682078527451611,14.240357446506273
1.4910917861349327,1.611608706759267,14.310854265548382
1.540291114150334,1.5371187534033688,14.381351084590493
1.5851077498591506,1.4586604458907306,14.451847903632604
1.6255393715988542,1.37627790043645,14.522344722674713
1.6616104620311094,1.2899792821542242,14.592841541716824
1.6933435743176517,1.199710091821383,14.663338360758935
1.7206610282887618,1.1053567135215439,14.733835179801044
1.743114153133661,1.0068343133375497,14.804331998843155
1.7592074116070406,0.9043276073099381,14.874828817885266
1.7647145241874111,0.7988201185379897,14.945325636927375
1.7481820900883156,0.694057511353185,15.015822455969486
1.6831845334717204,0.6075530562715158,15.086319275011595
1.5645051799901717,0.5805801664088154,15.156816094053706
1.435794572180065,0.604779006181172,15.227312913095817
1.309994932769162,0.6536228658262128,15.297809732137926
1.1878864703405434,0.7152134137953664,15.368306551180037
1.0689658575977206,0.7845505869648781,15.438803370222148
0.9529011818003585,0.859445115710665,15.509300189264257
0.8395839547942585,0.9388963018403372,15.579797008306368
0.72902163626073,1.0223988002734044,15.650293827348477
0.6212432828223836,1.1096237602018448,15.720790646390588
0.5162136243835224,1.2002439475179039,15.7912874654327
0.41368074999981275,1.2937436147379684,15.861784284474808
0.3127055768989746,1.3889165111807238,15.93228110351692
0.20991587705250733,1.481881863006161,16.00277792255903
0.09177136085670945,1.5526829450162056,16.07327474160114
0.008008426444668301,1.4440955883237732,16.14377156064325
0.004154686999285224,1.304540608692814,16.21426837968536
0.004338598212509426,1.164427900088589,16.28476519872747
0.0046828586004987955,1.0241984998396827,16.35526201776958
0.004881533970751503,0.8839459040526054,16.425758836811692
0.005008600690336372,0.7437025350073447,16.4962556558538
0.005255403762347406,0.6034843579019684,16.56675247489591
0.006243758752200424,0.46330983848049556,16.637249293938023
0.010329362593682178,0.3232633385195386,16.707746112980132
0.022382976663525886,0.1838665551502539,16.77824293202224
0.04335023341009057,0.04651750659209054,16.848739751064354
0.08879060925012468,0.08602977053869187,16.919236570106463
0.08978249864554308,0.22117047154336622,16.989733389148572
0.11192966929479595,0.35449228160331714,17.060230208190685
0.1584369419953615,0.48040307759632506,17.130727027232794
0.22283963506814902,0.5971566254131125,17.201223846274903
0.2968897574601236,0.7070667431390442,17.271720665317016
0.37467197703008587,0.8133550775138068,17.342217484359125
0.4527360059470354,0.9182845120044572,17.412714303401234
0.5293212315218359,1.0229398742723017,17.483211122443343
0.6037200804776894,1.1276533155873731,17.553707941485456
0.6758008394778164,1.2324503440067025,17.624204760527565
0.7456779625153959,1.3373011460662763,17.694701579569674
0.8135288781515173,1.442204930263359,17.765198398611787
0.8795166851978801,1.5471944470523231,17.835695217653896
0.9437688516752681,1.6523190599485906,17.906192036696005
1.0063782634272753,1.7576297120440147,17.976688855738118
1.06741033381461,1.8631706118276825,18.047185674780227
1.1269101362638925,1.9689762291783275,18.117682493822336
1.1849080141919581,2.0750712924218764,18.18817931286445
1.2414236579135076,2.1814720987590057,18.258676131906558
1.2964689955078894,2.2881881824998316,18.329172950948667
1.3500502340276779,2.395223889384968,18.39966976999078
1.4021693031736702,2.5025796889019687,18.47016658903289
1.4528248783780893,2.610253195883044,18.540663408074998
1.502013106727674,2.7182399315764276,18.61116022711711
1.5497281227706505,2.826533872881569,18.68165704615922
1.5959624161620107,2.9351278386358293,18.75215386520133
1.6407070953357907,3.0440137549786184,18.82265068424344
1.6839520785854136,3.1531828332125613,18.89314750328555
1.7256862346573831,3.2626256855101454,18.96364432232766
1.7658974882828125,3.3723323970813497,19.03414114136977
1.8045729013124034,3.4822925681486905,19.104637960411882
1.8416987367748878,3.5924953351175204,19.17513477945399
1.8772605108575122,3.7029293774393417,19.2456315984961
1.9112430362156567,3.813582914600363,19.316128417538213
1.943630458939001,3.92444369621484,19.386625236580322
1.9744062907757243,4.035498987193248,19.45712205562243
2.0035534377318824,4.146735549259341,19.527618874664544
2.031054225842381,4.258139619612281,19.598115693706653
2.056890424699477,4.369696887201703,19.668612512748762
2.0810432691885623,4.481392466856974,19.739109331790875
2.103493479795225,4.593210871354217,19.809606150832984
2.124221281796406,4.705135981393877,19.880102969875093
2.143206423621518,4.817151013383694,19.950599788917206
2.1604281946597577,4.929238484867926,20.021096607959315
2.175865442792813,5.041380177408462,20.091593427001424
2.189496591944392,5.153557096704589,20.162090246043533
2.2012996599569052,5.2657494297346545,20.232587065085646
2.2112522771289647,5.377936498714941,20.303083884127755
2.2193317057731394,5.490096711699586,20.373580703169864
2.225514861179558,5.60220750969141,20.444077522211977
2.2297783343954816,5.71424531019808,20.514574341254086
2.2320984172516627,5.826185447251818,20.585071160296195
2.23245113008096,5.938002108013978,20.655567979338308
2.2308122525808876,6.049668266207427,20.726064798380417
2.227157358267008,6.1611556127581,20.796561617422526
2.2214618529455206,6.272434484179138,20.86705843646464
2.2137010175981517,6.383473789392319,20.937555255506748
2.2038500560171057,6.494240935846053,21.008052074548857
2.191884147448871,6.604701755949484,21.07854889359097
2.1777785043993085,6.7148204349892575,21.14904571263308
2.1615084356148926,6.8245594418188595,21.219542531675188
2.1430494140827534,6.933879463698572,21.2900393507173
2.122377149682606,7.04273934670492,21.36053616975941
2.0994676658752036,7.151096043109371,21.43103298880152
2.0742973795249773,7.258904567035322,21.50152980784363
2.0468431826312763,7.366117959529069,21.57202662688574
2.017082524387676,7.472687263916188,21.64252344592785
1.9849934916083425,7.5785615119538665,21.71302026496996
1.950554885161227,7.683687720830812,21.78351708401207
1.9137462896351567,7.788010900513426,21.85401390305418
1.8745481330414535,7.891474070300751,21.92451072209629
1.832941732898976,7.994018282752401,21.995007541138403
1.7889093245404237,8.09558265242962,22.065504360180512
1.742434066833037,8.196104386201693,22.13600117922262
1.6935000195805674,8.295518811324417,22.206497998264734
1.6420920853850727,8.393759397277861,22.276994817306843
1.588195906176018,8.49075776777573,22.347491636348952
1.5317977000058294,8.586443700974943,22.417988455391065
1.4728840153329064,8.680745119640767,22.488485274433174
1.4114413647540098,8.77358808035013,22.558982093475283
1.3474556724948146,8.864896784027534,22.629478912517396
1.2809114203080436,8.95459365236278,22.699975731559505
1.2117902883124776,9.042599549398384,22.770472550601614
1.1400689330988658,9.128834275623742,22.840969369643727
1.0657152793198446,9.213217511485126,22.911466188685836
0.9886822468901311,9.2956703825316,22.981963007727945
0.9088970641714583,9.37611756432122,23.052459826770054
0.8262429993339345,9.454488723397663,23.122956645812167
0.7405280956854386,9.53071425560866,23.193453464854276
0.651432004853705,9.604698693644293,23.263950283896385
0.5584194081944435,9.676224906532969,23.334447102938498
0.4606257897349344,9.744688524875347,23.404943921980607
0.3568636900102779,9.808629106780742,23.475440741022716
0.2465746547652559,9.866407187854763,23.54593756006483
0.13464449487733549,9.92743726458007,23.616434379106938
0.055134624857736556,10.035444014397143,23.686931198149047
0.0254660525379616,10.171327418257317,23.75742801719116
0.012414221599393718,10.310864733631929,23.82792483623327
0.0071327711235612485,10.45111200621122,23.898421655275378
0.005516422380728118,10.591503139060954,23.96891847431749
0.005080891093386308,10.731923769607562,24.0394152933596
0.004991981309864541,10.872352616693206,24.10991211240171
0.005072714503031647,11.012778037289754,24.18040893144382
0.005441688818273197,11.15317820319042,24.25090575048593
0.006773559432519346,11.293480512034787,24.32140256952804
0.012116938298370279,11.433315853958165,24.39189938857015
0.037736529430793586,11.569007488802406,24.46239620761226
0.14960460927326408,11.634064318686564,24.53289302665437
0.2685740297404292,11.590381465305406,24.60338984569648
0.3797478755928494,11.5312047161161,24.673886664738593
0.48750224521870156,11.472072376366562,24.7443834837807
0.5912185360022216,11.413308780400639,24.81488030282281
0.6905639568245596,11.35332117250646,24.885377121864924
0.7858446548996795,11.291151864481023,24.955873940907033
0.877497017095683,11.22639333790596,25.026370759949142
0.9658539548353321,11.158892175585878,25.096867578991255
1.0511160411244664,11.088601906025659,25.167364398033364
1.1333840523789915,11.0155245882479,25.237861217075473
1.2126947554220995,10.939687271278181,25.308358036117585
1.289046504664972,10.861131584797995,25.378854855159695
1.3624151615182996,10.77990894873012,25.449351674201804
1.4327634145166808,10.696078921763215,25.519848493243916
1.500046078934665,10.609710413609003,25.590345312286026
1.5642129388287773,10.520887317113381,25.660842131328135
1.6252095173057595,10.42972223900128,25.731338950370244
1.6829742163031607,10.336384105729037,25.801835769412357
1.7374263828400587,10.241146923321256,25.872332588454466
1.7884325786068704,10.144469348908157,25.942829407496575
1.8357252901130787,10.047126313351699,26.013326226538688
1.8787206004519936,9.950459475431762,26.083823045580797
1.9161000183437475,9.856971080133494,26.154319864622906
1.944725567274503,9.772087350253061,26.22481668366502
1.9565784467417726,9.710044348434597,26.295313502707128
1.9348305700741288,9.705287583415046,26.365810321749237
1.8777079480807488,9.777132339241058,26.43630714079135
1.8110165741016493,9.884069562834199,26.50680395983346
1.7451792888922693,10.000935491279439,26.577300778875568
1.6812787651216456,10.121396122973875,26.64779759791768
1.6189415147925152,10.243960223018936,26.71829441695979
1.5578475058779486,10.36801650163244,26.7887912360019
1.4977834212699688,10.493183294463366,26.85928805504401
1.4385889525104665,10.61919611555306,26.92978487408612
1.3801286251502085,10.745864584829071,27.00028169312823
1.3222793500911945,10.873045911669973,27.070778512170342
1.264924882955512,11.000628010752447,27.14127533121245
1.2079536155748394,11.128519068411418,27.21177215025456
1.1512581912148427,11.256641240832936,27.28226896929667
1.0947361501669646,11.384926913022717,27.352765788338782
1.0382910609002978,11.513316503181532,27.42326260738089
0.9818336753296363,11.641757148604887,27.493759426423
0.9252826934839112,11.770201821954435,27.564256245465113
0.8685648137819934,11.89860857080203,27.634753064507223
0.8116138829576056,12.026939678576,27.70524988354933
0.7543687751042405,12.155160465180446,27.775746702591444
0.6967668187425315,12.283236126881034,27.846243521633554
0.6387119383029587,12.411116673414295,27.916740340675663
0.5799085187311197,12.53865738705682,27.987237159717775
0.519092666630316,12.665234497408026,28.057733978759885
0.451058617760482,12.787991620205577,28.128230797801994
0.35862500593579466,12.89318784273309,28.198727616844106
0.22383981351600665,12.928306249523704,28.269224435886215
0.10055917858443401,12.864587231483897,28.339721254928325
0.026054714870923538,12.747677047672639,28.410218073970437
0.006242944430460666,12.610436075948366,28.480714893012546
0.005057308280956415,12.471963553608092,28.551211712054656
0.005260457602787322,12.333718849738183,28.621708531096765
0.006658282421511046,12.196456679440141,28.692205350138877
0.10200261124238254,12.170120345160381,28.762702169180987
0.12915052405125466,12.306712024616385,28.833198988223096
0.14560482448577597,12.445876396062747,28.90369580726521
0.15908937595645362,12.585490768246022,28.974192626307318
0.17135273071654722,12.72523131564312,29.044689445349427
0.18266582964972766,12.865047430195567,29.11518626439154
0.19305000745245515,13.004928914279567,29.18568308343365
0.20249676462538227,13.14487009895158,29.256179902475758
0.21099561498992964,13.284865492529894,29.32667672151787
0.21853693513463746,13.424909362881579,29.39717354055998
0.22511221774682477,13.564995717737387,29.46767035960209
0.23071387774976088,13.70511833828831,29.5381671786442
0.2353348442035648,13.845270820839021,29.60866399768631
0.23896801509516077,13.98544660897578,29.67916081672842
0.24160561917715082,14.12563900640423,29.749657635770532
0.24323850774490174,14.265841164965352,29.82015445481264
0.2438553829751378,14.406046044513062,29.89065127385475
0.24344195707118052,14.546246341848123,29.96114809289686
0.24198002760191117,14.686434385167614,30.031644911938972
0.23944644947836638,14.82660198881119,30.10214173098108
0.2358119846419385,14.966740260701005,30.17263855002319
0.23104002074301316,15.10683935208347,30.243135369065303
0.22508517837974948,15.246888136666861,30.313632188107412
0.21789188999488174,15.38687380578629,30.38412900714952
0.2093931654123289,15.526781372344198,30.454625826191634
0.19951001995970757,15.666593099808297,30.525122645233743
0.18815253478327193,15.806287937603287,30.595619464275853
0.1752244042441937,15.945841199655808,30.666116283317965
0.1606343055969344,16.08522505491382,30.736613102360074
0.14431966746481573,16.224411024390093,30.807109921402184
0.12629129476384254,16.363376652580836,30.877606740444296
0.10670981875691221,16.50211948876086,30.948103559486405
0.08600386106968708,16.640680862663704,31.018600378528514
0.06502683176676369,16.779175441865444,31.089097197570627
0.045205133827592364,16.917803555586712,31.159594016612736
0.028518974184671607,17.056793838638708,31.230090835654845
0.016973412217648955,17.196236773486874,31.300587654696955
0.011349781900000881,17.33595018680092,31.371084473739067
0.010601102813569154,17.475678483304407,31.441581292781176
0.013786470618049315,17.615324416250704,31.512078111823286
0.021253081488783535,17.754771790644426,31.5825749308654
0.033365738006165116,17.89383370582229,31.653071749907507
0.04976597870682267,18.03240110795068,31.723568568949617
0.06966800538027071,18.170484027960004,31.79406538799173
0.09228721528845876,18.308151020677712,31.86456220703384
0.11704153327153721,18.44547132635918,31.935059026075947
0.14357330425043852,18.582490748349777,32.00555584511806
0.17169778750901776,18.71922963775525,32.076052664160166
0.2013393814778172,18.855689245222642,32.14654948320228
0.23247693487068818,18.991859869387277,32.21704630224439
0.2650999727340626,19.127729149865626,32.2875431212865
0.29917075910824037,19.26329103684629,32.35803994032861
0.33458565196957063,19.39855675905347,32.42853675937072
0.3711296061774826,19.533569226337526,32.49903357841283
0.4084188815556251,19.66842166707511,32.56953039745494
0.4458296024517246,19.80327904685004,32.64002721649705
0.48241620841603566,19.938395251566476,32.71052403553916
0.5168393887633342,20.074108520397473,32.78102085458127
0.5473558499930302,20.210785223012664,32.851517673623384
0.5719705752272475,20.348686825713067,32.92201449266549
0.5888615616070508,20.48779553443499,32.9925113117076
0.5970236266622779,20.62774392653292,33.063008130749715
0.5967423787767344,20.76798453047443,33.13350494979182
0.58945947353125,20.9080826596665,33.20400176883393
0.5771233798091474,21.047861340015263,33.274498587876046
0.5615469995269194,21.18733953828127,33.34499540691815
0.5440930995251099,21.32660946553601,33.415492225960264
0.5256472501846184,21.46575900098373,33.48598904500238
0.5067201589189798,21.6048468244518,33.55648586404448
0.48756982796132053,21.74390405688249,33.626982683086595
0.468299686533486,21.882942942331546,33.69747950212871
0.4489252870210683,22.021964611717475,33.76797632117081
0.42941535631336064,22.1609642050704,33.838473140212926
0.40971525758770583,22.299933773039623,33.90896995925504
0.3897594830085024,22.438863736490337,33.979466778297144
0.3694777292398677,22.57774351226868,34.04996359733926
0.3487974042507746,22.71656168360745,34.12046041638137
0.3276442509462587,22.855305926162476,34.190957235423475
0.30594206079129826,22.99396280069457,34.26145405446559
0.2836120506484842,23.132517471261934,34.3319508735077
0.26057227186115456,23.270953386181215,34.402447692549806
0.23673732768476602,23.40925195859523,34.47294451159192
0.2120186283392635,23.547392302502264,34.54344133063403
0.1863253386452971,23.685351122751516,34.61393814967614
0.15956593942556474,23.823102929934237,34.68443496871825
0.13164983054877127,23.960620888267652,34.754931787760356
0.1024920560149693,24.09787988001209,34.82542860680247
0.07210486529819982,24.23488291877326,34.89592542584458
0.04162232413839044,24.371910399283134,34.96642224488669
0.017976620434659172,24.510380138994954,35.0369190639288
0.008815758112313509,24.650665391929174,35.10741588297091
0.006855936960615813,24.791274674391357,35.17791270201302
0.006667466985789866,24.931902826084613,35.24840952105513
0.007382991247234931,25.072536363505737,35.31890634009724
0.010003963827788646,25.213159643498667,35.38940315913935
0.016811480422285353,25.353643353133435,35.45989997818146
0.029505159405496695,25.49369690634823,35.530396797223574
0.04799418749495128,25.633051700601737,35.60089361626568
0.06955045174923175,25.771821776625615,35.67139043530779
0.08941932224511918,25.910586494571216,35.741887254349905
0.10625410934516041,26.04962042409433,35.81238407339201
0.12076510956370566,26.18889218685587,35.88288089243412
0.13329291553971406,26.328352487625722,35.953377711476236
0.14398713840035185,26.467962881042723,36.02387453051834
0.15296187550743703,26.607691609338836,36.094371349560454
0.16031706182313968,26.74751231562149,36.16486816860257
0.1661368387249414,26.887403157929388,36.23536498764467
0.1704873646172065,27.027345832612493,36.305861806686785
0.1734159216811937,27.16732462356405,36.3763586257289
0.17495089248855097,27.307325540428284,36.446855444771
0.1751022920821058,27.447335551116634,36.517352263813116
0.1738628508722548,27.58734189869515,36.58784908285523
0.17120997274824853,27.727331506469284,36.658345901897334
0.16710925686936892,27.86729051537135,36.72884272093945
0.1615206778887248,28.00720407148057,36.79933953998156
0.15440891379832644,28.14705659741892,36.869836359023665
0.14575950918551528,28.28683293318035,36.94033317806578
0.13560216121873742,28.426520860631378,37.01082999710789
0.12404075695641108,28.566115458063816,37.081326816149996
0.11128618420286739,28.705625142187586,37.15182363519211
0.09768246081693462,28.84507782673903,37.22232045423422
0.08371154210894338,28.984523634755643,37.29281727327633
0.06996206356150647,29.124029697641838,37.36331409231844
0.057057039189545744,29.26366529743759,37.43381091136055
0.045554111238939786,29.403482173594714,37.50430773040266
0.035849294582412525,29.543500168322883,37.57480454944477
0.028118232057678053,29.68370615042684,37.64530136848688
0.022313533747766956,29.824065256383868,37.71579818752899
0.018212699910338227,29.96453628227338,37.7862950065711
0.015493630632100021,30.105083218183648,37.85679182561321
0.013810892060866014,30.245679970668025,37.92728864465532
0.012852726833695764,30.38630983660069,37.99778546369743
0.012370497545287136,30.52696276813849,38.06828228273954
0.012183697382303257,30.667632663780985,38.13877910178165
0.012170214856087267,30.808315541825408,38.209275920823764
0.012251609049820329,30.949008553842464,38.27977273986587
0.012379425358049142,31.089709518335496,38.35026955890798
0.012524762742675902,31.230416706756625,38.420766377950095
0.012671097354436351,31.37112873357615,38.4912631969922
0.012809603272198409,31.51184448613009,38.56176001603431
0.012936179748188965,31.652563071182513,38.632256835076426
0.013049588956979642,31.79328377114135,38.70275365411853
0.01315030830991808,31.93400600785835,38.773250473160644
0.013239848740864847,32.07472931307541,38.84374729220276
0.013320387219070369,32.215453304666,38.91424411124486
0.013394623465451623,32.35617766775576,38.984740930286975
0.013465810799849348,32.49690213979022,39.05523774932909
0.013537937986209322,32.637626498641175,39.12573456837119
0.013616057830938185,32.77835055285237,39.196231387413306
0.013706771402315136,32.91907413305897,39.26672820645542
0.013818884373815052,33.05979708341265,39.337225025497524
0.01396425282512367,33.200519251441,39.40772184453964
0.014158827167851742,33.34124047410781,39.47821866358175
0.014423881148297587,33.48196055689266,39.548715482623855
0.014787374874694115,33.62267924153577,39.61921230166597
0.015285345721754095,33.76339615692554,39.68970912070808
0.015963153435491075,33.904110746930755,39.760205939750186
0.016876338798760798,34.044822169580826,39.8307027587923
0.018090810703811508,34.185529164841434,39.90119957783441
0.019682079232638774,34.32622989413793,39.97169639687652
0.021733295734250948,34.466921764140295,40.04219321591863
0.024331592646928423,34.60760126454601,40.11269003496074
0.02755798969599165,34.74826394984819,40.18318685400285
0.031430435275932124,34.88890564790414,40.25368367304496
0.035556678402782975,35.029531968119294,40.324180492087066
0.037717373324777266,35.17017838166387,40.39467731112918
0.032963496832126196,35.31070018573046,40.46517413017129
0.022403892510756397,35.45083095423353,40.5356709492134
0.013155662997252711,35.59098373568334,40.60616776825551
0.00859115110198958,35.73127803339594,40.67666458729762
0.0071633623241213985,35.87153157157469,40.74716140633973
0.0065742370841944155,36.0117157721154,40.81765822538184
0.00582555371573932,36.15186276928832,40.888155044423954
0.004683935633721548,36.292015119018245,40.95865186346606
0.004264465005074419,36.43225025691912,41.02914868250817
0.007520598017971708,36.57259576300652,41.099645501550285
0.015441603731690654,36.7128412670734,41.17014232059239
0.023527884301314014,36.85305508378264,41.2406391396345
0.03026297427457994,36.993277746867385,41.311135958676616
0.035522075179210716,37.13348050016114,41.38163277771872
0.03931408790161846,37.273629540249615,41.452129596760834
0.041621513132355875,37.41369077202337,41.52262641580295
0.04245434979114959,37.553628365039835,41.59312323484505
0.04190718420129344,37.693407144999505,41.663620053887165
0.04018850009028349,37.83299771557582,41.73411687292928
0.037614095844422456,37.97238135673714,41.80461369197138
0.03456380702922654,38.1115519355828,41.875110511013496
0.03141405432432448,38.25051407787076,41.94560733005561
0.028471211412416753,38.389279246481046,42.016104149097714
0.025930956334863513,38.5278620392503,42.08660096813983
0.02387429072239196,38.66627780950657,42.15709778718194
0.022292464420291046,38.80454137004819,42.227594606224045
0.021123395750257023,38.9426662229616,42.29809142526616
0.020284376556046438,39.08066410552185,42.36858824430827
0.0196938960339099,39.218544919153004,42.439085063350376
0.019282476206830754,39.35631709486224,42.50958188239249
0.01899575336384256,39.49398830917886,42.5800787014346
0.018793373717097682,39.63156636395899,42.65057552047671
0.0186462789230473,39.76906002369901,42.72107233951882
0.01853382994403434,39.90647964162446,42.79156915856093
0.018441440156224623,40.04383747249535,42.86206597760304
0.018359026643078154,40.181147649244366,42.93256279664515
0.018280579053707266,40.318425880234706,43.00305961568726
0.018205448404035665,40.45568898942835,43.07355643472937
0.018142597856153794,40.59295445532294,43.14405325377148
0.01812006830651491,40.73024008489553,43.21455007281359
0.01820313143240552,40.86756384975027,43.2850468918557
0.01852519427164874,41.00494363919013,43.35554371089781
0.019333283856574946,41.142396146757996,43.42604052993992
0.021041359087157045,41.279933344763904,43.49653734898203
0.024267990279534184,41.41755467501058,43.56703416802414
0.029816935332343503,41.55523490394114,43.63753098706625
0.03855767373423747,41.69291337988883,43.70802780610836
0.05119176229985294,41.83049900027538,43.778524625150474
0.06794078911348775,41.96790946663823,43.84902144419258
0.08824758393676341,42.10515016785772,43.91951826323469
0.11064975181446066,42.242392825513484,43.990015082276805
0.1330343725080993,42.37995536804895,44.06051190131891
0.15336039407393895,42.5181226542849,44.131008720361024
0.17050816752438264,42.65695308381686,44.201505539403136
0.1845549204870739,42.79629328373634,44.27200235844524
0.19624429685453443,42.9359439267175,44.342499177487355
0.20630568789843443,43.07576559391157,44.41299599652947
0.2151916391321486,43.215684753905705,44.48349281557157
0.22313013535823828,43.35566707305159,44.553989634613686
0.23023278831361868,43.49569621898278,44.6244864536558
0.2365630519179637,43.635763056732266,44.694983272697904
0.2421665924291468,43.77586123595478,44.76548009174002
0.2470822534355814,43.91598564421289,44.83597691078213
0.2513449464083623,44.056131924807005,44.906473729824235
0.2549846111460534,44.19629635309335,44.97697054886635
0.25802124098790913,44.33647585225398,45.04746736790846
0.2604532057029687,44.47666810042737,45.117964186950566
0.26223315340116315,44.616871694955364,45.18846100599268
0.2632222639004971,44.757086128705026,45.25895782503479
0.2631120846253895,44.897310422205955,45.3294546440769
0.2613138350951984,45.03753650629723,45.39995146311901
0.25686180402471454,45.177728526409915,45.47044828216112
0.24847739836240182,45.31778174802923,45.54094510120323
0.23499141712510194,45.45749364666963,45.61144192024534
0.21603287643388974,45.59663524506646,45.68193873928745
0.19237647638821212,45.73511957903382,45.75243555832956
0.16555737606227347,45.87307875586266,45.82293237737167
0.13720397964773737,46.01076921421476,45.89342919641378
0.10863371442739284,46.14844183127118,45.96392601545589
0.0807699898839637,46.286279187964865,46.034422834498
0.05428889222857249,46.42440654009445,46.10491965354011
0.03042364281779005,46.56303001931709,46.17541647258222
0.0135307334133795,46.702700961665265,46.24591329162433
0.007483113592291745,46.84328326859291,46.31641011066644
0.006574075941942099,46.98399701554222,46.38690692970855
0.0067893043068357525,47.1247161202936,46.457403748750664
0.007422959509453399,47.26544113665961,46.52790056779277
0.008918044620175026,47.4061714607817,46.59839738683488
0.012154896186611825,47.54688266824509,46.668894205876995
0.017565647541206885,47.68752794244397,46.7393910249191
0.023664566414628753,47.82813142970812,46.809887843961214
0.02565991403455712,47.968816454810025,46.880384663003326
0.023000125032526034,48.10945260009571,46.95088148204543
0.020881378513229496,48.250081791851414,47.021378301087545
0.021588996696649126,48.39071348734169,47.09187512012966
0.026463995636597917,48.53124550601076,47.16237193917176
0.0372491589431288,48.6714216188674,47.232868758213876
0.05598062130893032,48.81072203771876,47.30336557725599
0.08406033756617722,48.94839944169778,47.373862396298094
0.12109694806733415,49.083900489939566,47.44435921534021
0.16484305342340122,49.2173555116823,47.51485603438232
0.21245542071066084,49.349463942661885,47.585352853424425
0.2616636506217016,49.480981286032716,47.65584967246654
0.3110847024210024,49.61241952745497,47.72634649150865
0.36002610181733885,49.744038712016774,47.796843310550756
0.4082067194350206,49.87593851471116,47.86734012959287
0.4555557097023096,50.0081377312873,47.93783694863498
0.5020979044504428,50.14062070027635,48.00833376767709
0.5478960846029113,50.27335991554327,48.0788305867192
0.5930241289089492,50.406325822867394,48.14932740576131
0.6375552856171995,50.53949062130001,48.21982422480342
0.6815574124919338,50.67282949664601,48.29032104384553
0.7250913259249229,50.80632082683606,48.36081786288764
0.7682105246193247,50.93994600302535,48.43131468192975
0.8109615213249299,51.07368912331195,48.50181150097186
0.8533844365575253,51.207536659110836,48.572308320013974
0.8955136892229403,51.34147713294811,48.64280513905608
0.9373787001542527,51.475500822570936,48.71330195809819
0.9790045642076345,51.60959949655202,48.7837987771403
1.0204126680652452,51.74376618224638,48.85429559618241
1.061621243521562,51.877994964845236,48.92479241522452
1.1026458536965502,52.012280815194146,48.99528923426663
1.1434998142184785,52.14661944352991,49.06578605330874
1.1841945540252392,52.28100717612021,49.136282872350854
1.2247399217316934,52.41544085183309,49.20677969139296
1.2651444439656414,52.549917735835436,49.27727651043507
1.3054155420051528,52.68443544786438,49.347773329477185
1.3455597126726744,52.81899190279174,49.41827014851929
1.3855826789026935,52.95358526148466,49.4887669675614
1.4254895147951296,53.0882138902371,49.559263786603516
1.4652847493566286,53.22287632729795,49.62976060564562
1.5049724525525143,53.3575712552472,49.700257424687734
1.5445563067634032,53.4922974781689,49.77075424372985
1.584039666271716,53.62705390274076,49.84125106277195
1.62342560699701,53.76183952250469,49.911747881814065
1.6627169683538758,53.89665340470365,49.98224470085618
1.7019163888183195,54.031494679170606,50.052741519898284
1.7410263365533274,54.16636252883577,50.123238338940396
1.7800491362567121,54.301256181483616,50.19373515798251
1.8189869932493568,54.436174902440946,50.264231977024615
1.8578420157150908,54.57111798791489,50.33472879606673
1.8966162359303065,54.706084758726455,50.40522561510884
1.9353116312780456,54.84107455420249,50.475722434150946
1.9739301458234384,54.97608672599773,50.54621925319306
2.0124737132301664,55.11112063162195,50.61671607223517
2.0509442818149006,55.246175627445126,50.68721289127728
2.089343842559507,55.38125106095013,50.75770971031939
2.1276744609164395,55.51634626200059,50.8282065293615
2.1659383132315657,55.65146053289698,50.89870334840361
2.2041377285417685,55.78659313701404,50.96920016744572
2.2422752363384837,55.92174328586003,51.03969698648783
2.2803536205588775,56.0569101244888,51.11019380552994
2.3183759794802175,56.192092715354974,51.18069062457205
2.3563457902153613,56.32729002096567,51.251187443614164
2.394266974946333,56.46250088609917,51.32168426265627
2.4321439636186604,56.5977240210031,51.39218108169838
2.4699817441766445,56.73295798795083,51.46267790074049
2.507785886036034,56.868201194964,51.5331747197826
2.545562514675386,57.00345190259629,51.60367153882471
2.5833182040708045,57.13870825269554,51.67416835786682
2.6210597380327196,57.27396833242064,51.74466517690893
2.6587936698828045,57.409230293087234,51.815161995951044
2.6965255806428496,57.544492552587634,51.88565881499315
2.7342588971963333,57.679754123683345,51.95615563403526
2.7719930821443612,57.81501513091306,52.026652453077375
2.809720944848285,57.950277610637606,52.09714927211948
2.8474247286676526,58.08554674467363,52.16764609116159
2.8850701152312768,58.22083287518942,52.238142910203706
2.922591119164304,58.356156399993054,52.30863972924581
2.959798713001203,58.491573549603636,52.379136548287924
2.9957608603036245,58.627335837156195,52.44963336733004
3.026206969408396,58.764417919511395,52.52013018637214
3.04333368705485,58.903692994040206,52.590627005414255
3.0504739961978324,59.04376539469117,52.66112382445637
3.056693701599664,59.18387870044212,52.731620643498474
3.067468167544425,59.3237355899247,52.802117462540586
3.0858265686316795,59.46279488132838,52.8726142815827
3.1139202345456414,59.600184556613975,52.943111100624805
3.153759611527004,59.73461397599873,53.01360791966692
3.2072574640638494,59.86421165240897,53.08410473870903
3.2748519003968095,59.98704297072191,53.154601557751135
3.352662075065614,60.10376019811677,53.22509837679325
3.434105147834346,60.218061620438675,53.29559519583536
3.5157490186336506,60.33226093943409,53.36609201487747
3.59670310186469,60.44697204454625,53.43658883391958
3.6768297416697044,60.562273184376636,53.50708565296169
3.7561630963276467,60.67812473357749,53.5775824720038
3.8347795546773815,60.79446344060945,53.64807929104591
3.912766890992901,60.911223301619756,53.71857611008802
3.9902129645276085,61.02834185504724,53.78907292913013
4.0672000446386996,61.145762692094245,53.85956974817224
4.1438019795677095,61.26343637504245,53.930066567214354
4.220083120741495,61.381320503543066,54.00056338625646
4.2960983173451925,61.49937931529937,54.07106020529857
4.371893515130813,61.61758305407754,54.141557024340685
4.447506649782535,61.7359072494992,54.21205384338279
4.5229686361922035,61.8543319976819,54.2825506624249
4.598304330669636,61.97284129649001,54.35304748146701
4.67353339213924,62.09142246712816,54.42354430050912
4.748670997786244,62.21006568110327,54.494041119551234
4.823728383592002,62.32876360579785,54.56453793859334
4.89871318424819,62.44751118159695,54.63503475763545
4.973629542204603,62.566305547932984,54.705531576677565
5.048477943178393,62.68514614452373,54.77602839571967
5.123254715618914,62.80403502772084,54.84652521476178
5.197951102750526,62.922977461818654,54.917022033803896
5.272551760312347,63.041982883294615,54.987518852846
5.3470323143200424,63.16106647917361,55.058015671888114
5.421354435995905,63.28025236346042,55.12851249093023
5.495451419335218,63.39958270110977,55.19900930997233
5.569178846223837,63.51914804271502,55.269506129014445
5.642174756049076,63.63917002491131,55.34000294805656
5.71367051424298,63.7601030594164,55.41049976709866
5.7829004078202395,63.88237225799328,55.480996586140776
5.850409073535555,64.00563793693674,55.55149340518289
5.917781449535172,64.12900792827222,55.621990224224994
5.986298925099519,64.2517641167733,55.69248704326711
6.056658260275613,64.37348593776534,55.76298386230922
6.129185335443143,64.49393720399158,55.833480681351325
6.204016079147526,64.61297734485389,55.90397750039344
6.281195240329614,64.73051330169298,55.97447431943555
6.360729132818159,64.846472415827,56.044971138477656
6.442618542951292,64.9607828150354,56.11546795751977
6.526886624557334,65.07335276820938,56.18596477656188
6.613611926704479,65.1840412280074,56.25646159560399
6.702975178497873,65.2926099338759,56.3269584146461
6.795323533089144,65.39864681319297,56.39745523368821
6.891232685469881,65.50146382251226,56.46795205273032
6.991483911914269,65.60003094416263,56.53844887177243
7.09680494109235,65.69312681593898,56.608945690814544
7.207371202346611,65.77988469334822,56.67944250985665
7.322509304740835,65.8604368614659,56.74993932889876
7.4409989697238474,65.93594340541867,56.820436147940875
7.561617865690555,66.00797926332017,56.89093296698298
7.683437068034853,66.07795286694616,56.96142978602509
7.8058439017066945,66.1468866716875,57.0319266050672
7.928462229575487,66.2154411632063,57.10242342410931
8.05107082210796,66.28401229812042,57.172920243151424
8.17354529281586,66.35282220394522,57.24341706219353
8.295819879301447,66.4219867881353,57.31391388123564
8.417853821932344,66.49158019322118,57.384410700277755
8.539587601032796,66.56172719756883,57.45490751931986
8.661090468001602,66.63235706429586,57.52540433836197
8.783107844476921,66.70217482733246,57.595901157404086
8.906443747394768,66.76967113381889,57.66639797644619
9.031424042687355,66.83408530557924,57.736894795488304
9.158109667269551,66.89508433827523,57.80739161453042
9.286461163166154,66.95249989535395,57.87788843357252
9.416412411616676,67.0061975173754,57.948385252614635
9.5479327807549,67.05591826353847,58.01888207165675
9.681144460443651,67.10086420083965,58.08937889069885
9.816228812189994,67.1397027320566,58.159875709740966
9.952357015255293,67.17461027670818,58.23037252878308
10.088647918251107,67.20883151061902,58.300869347825184
10.224882625139118,67.24325941253157,58.3713661668673
10.361025822092078,67.27804203151143,58.44186298590941
10.497072038552332,67.31319975344059,58.512359804951515
10.633027307345426,67.3487057983174,58.58285662399363
10.768910650831202,67.38448399775083,58.65335344303574
10.904760431639719,67.420386526543,58.723850262077846
11.040646248725805,67.45614890403587,58.79434708111996
11.176688713323895,67.49130753454867,58.86484390016207
11.313087688095953,67.5250551562309,58.93534071920418
11.450148960112285,67.55600209716225,59.00583753824629
11.588263216999547,67.58183223533663,59.0763343572884
11.727711192396708,67.59897990170883,59.14683117633051
11.868134489465659,67.60285975336026,59.21732799537262
12.007961259800915,67.58957148646498,59.28782481441473
12.144968637116092,67.5586307326874,59.35832163345684
12.277999292216313,67.5135112255881,59.42881845249895
12.407527118078264,67.45910471066738,59.499315271541064
12.53473428919418,67.39943858265163,59.56981209058317
12.660691152961512,67.33714060231446,59.64030890962528
12.786123291838994,67.27375586165766,59.71080572866739
12.911463725583015,67.21015458196108,59.7813025477095
13.036957488687142,67.14682420275341,59.851799366751614
13.162747186041399,67.08405471405139,59.92229618579372
13.288936118772227,67.02206486734124,59.99279300483583
13.415644224936695,66.96111704751479,60.063289823877945
13.543078560371109,66.90167642016138,60.13378664292005
13.671642895563819,66.84469632898876,60.20428346196216
13.802072163797344,66.79210673746923,60.274780281004276
13.935338046729502,66.74717796619926,60.34527710004638
14.071733640503846,66.71287741777186,60.415773919088494
14.210069860491263,66.68745573471567,60.48627073813061
14.348946222791566,66.66516727715873,60.55676755717271
14.487578961267713,66.64145427596166,60.627264376214825
14.625487757217845,66.61388904873486,60.69776119525694
14.762216939423537,66.58100792230009,60.76825801429904
14.897202167392791,66.54160658487432,60.838754833341156
15.029708006591402,66.49456170340291,60.90925165238327
15.158816258104403,66.43888543682844,60.979748471425374
15.28347323240783,66.37386508969014,61.05024529046749
15.402606736216388,66.2992115947789,61.1207421095096
15.515298508755931,66.2151500600255,61.191238928551705
15.620959335492936,66.12240106741743,61.26173574759382
15.719436956417344,66.02204967237185,61.33223256663593
15.811015657054266,65.9153544987494,61.402729385678036
15.896321521534853,65.80356870866535,61.47322620472015
15.976184448573512,65.68781960860956,61.54372302376226
16.05150737981251,65.56905430077168,61.61421984280437
16.123170095269362,65.44803393497918,61.68471666184648
16.19197218602401,65.3253540133888,61.75521348088859
16.258607544819505,65.20147382565334,61.8257102999307
16.32365966034135,65.0767455966197,61.89620711897281
16.387608585839516,64.95143942462569,61.96670393801492
16.45084327696155,64.82576313235056,62.03720075705703
16.513675495051736,64.6998774903384,62.10769757609914
16.576353238939976,64.57390768775973,62.178194395141254
16.639072769903244,64.44795192664245,62.24869121418336
16.70198892192059,64.32208787364571,62.31918803322547
16.76522371659525,64.19637753793018,62.389684852267585
16.828873453500986,64.07087099931691,62.46018167130969
16.893014501490825,63.94560929837055,62.530678490351804
16.957708021904665,63.82062671702196,62.60117530939391
17.023003837393528,63.695952618980066,62.67167212843602
17.08894363474405,63.57161297760678,62.742168947478135
17.15556366409106,63.44763169041399,62.81266576652024
17.222897073793526,63.32403176043434,62.88316258556235
17.290976001469136,63.20083641305362,62.953659404604466
17.359833527595246,63.07807021095268,63.02415622364657
17.42950558847914,62.955760228704364,63.094653042688684
17.50003293971312,62.83393735187792,63.1651498617308
17.57146325853556,62.71263777310506,63.2356466807729
17.643853472330942,62.591904769489055,63.306143499815015
17.717272398326187,62.471790861921136,63.37664031885713
17.791803772081444,62.352360476667315,63.44713713789923
17.867549722160007,62.233693250865784,63.517633956941346
17.944634702323278,62.11588814068788,63.58813077598346
18.023209797469125,61.999068490244255,63.658627595025564
18.103457132341347,61.8833881686878,63.72912441406768
18.185593749050454,61.769038705880625,63.79962123310979
18.26987360971246,61.65625686974303,63.870118052151895
18.356584973192287,61.54533089370247,63.94061487119401
18.44603762543352,61.43660059256647,64.01111169023612
18.53852936723503,61.33043997444188,64.08160850927823
18.634273810347143,61.227198370291276,64.15210532832033
18.73326823995433,61.12706107670202,64.22260214736245
18.835101262146374,61.0297999412557,64.29309896640456
18.938733200288308,60.93444098734918,64.36359578544666
19.042092929043747,60.83876671519406,64.43409260448878
19.141689183120373,60.73915982357394,64.50458942353089
19.237031112104894,60.63545278718131,64.575086242573
19.331635241948696,60.53105579213571,64.64558306161511
19.427690493332005,60.42798098213029,64.71607988065722
19.5260293246414,60.32707454294809,64.78657669969932
19.626906598647036,60.228699899472375,64.85707351874144
19.730373274286745,60.13304770922031,64.92757033778355
19.836512471432275,60.040365908848905,64.99806715682566
19.945705627392567,59.95129863708831,65.06856397586778
20.058815199807338,59.867256787567605,65.13906079490988
20.17618732393852,59.78927421293822,65.20955761395199
20.2965260518434,59.71594893972086,65.2800544329941
20.418719624819396,59.64575594015122,65.35055125203621
20.54238978285353,59.57819662418115,65.42104807107832
20.66743912665408,59.5132240516485,65.49154489012044
20.793854886700164,59.4509504992287,65.56204170916254
20.921672134279973,59.39160572238302,65.63253852820465
21.050978531757238,59.33557952299561,65.70303534724677
21.18192585670174,59.283504780712555,65.77353216628887
21.314728349571755,59.23636460710024,65.84402898533098
21.449612762751837,59.195567901092375,65.9145258043731
21.58667495117777,59.162836233487106,65.9850226234152
21.7256717734152,59.13967657716697,66.05551944245731
21.86596508387286,59.126508183922624,66.12601626149943
22.00680605303218,59.12217390168555,66.19651308054154
22.147693832381957,59.12444646064633,66.26700989958364
22.288446104365853,59.13100717407046,66.33750671862576
22.429059110759393,59.14006409319588,66.40800353766787
22.569579027301337,59.150459014623024,66.47850035670997
22.710047391471782,59.161524155565246,66.54899717575209
22.85049042741835,59.17290316063009,66.6194939947942
22.990922370284807,59.18441625371059,66.6899908138363
23.131350327648246,59.19597662793509,66.76048763287842
23.271777662201234,59.20754387470208,66.83098445192053
23.412205900716646,59.21909981146473,66.90148127096263
23.552635706972413,59.230636577932216,66.97197809000475
23.69306734809876,59.24215101601584,67.04247490904686
23.833500909181573,59.253642105779825,67.11297172808897
23.97393638955129,59.265109824782385,67.18346854713108
24.11437374568872,59.27655464622113,67.25396536617319
24.25481291074957,59.28797731498236,67.3244621852153
24.395253804017887,59.29937874187656,67.39495900425742
24.535696336004687,59.310759947746526,67.46545582329952
24.676140411591533,59.32212202905275,67.53595264234163
24.81658593221925,59.33346613335983,67.60644946138375
24.957032797548056,59.34479344000564,67.67694628042585
25.09748090678419,59.35610514395114,67.74744309946796
25.237930159775456,59.36740244185762,67.81793991851008
25.378380457939535,59.37868651983776,67.88843673755218
25.51883170507208,59.3899585424799,67.95893355659429
25.65928380807283,59.40121964280717,68.02943037563641
25.799736677622995,59.41247091286299,68.09992719467851
25.940190228843754,59.42371339463694,68.17042401372062
26.080644381960248,59.43494807109764,68.24092083276274
26.221099062966726,59.44617585746651,68.31141765180485
26.361554204045166,59.45739759599006,68.38191447084695
26.502009741476485,59.468614083378256,68.45241128988907
26.642465593413604,59.47982635803765,68.52290810893118
26.782921496019792,59.4910378131394,68.59340492797328
26.923375985392273,59.502267310525504,68.6639017470154
27.063821256397812,59.51361476753913,68.73439856605751
27.20422564099058,59.52547207605255,68.80489538509961
27.344526168648542,59.5385369148243,68.87539220414173
27.48474874100965,59.552452816962735,68.94588902318384
27.625019611963864,59.56589634514568,69.01638584222594
27.765409793946713,59.578042799200254,69.08688266126806
27.905932692205408,59.58855066183716,69.15737948031017
28.04657782700979,59.597277157004285,69.22787629935227
28.187326580681535,59.60413725036093,69.2983731183944
28.32815805612916,59.609012543565704,69.3688699374365
28.469049674547087,59.61159074790061,69.4393667564786
28.60996196672416,59.61112870860647,69.50986357552071
28.75082767371473,59.607598838451786,69.58036039456283
28.891658746836814,59.60292488146821,69.65085721360494
29.032483521133475,59.59807213111842,69.72135403264704
29.173307659075054,59.59320270011795,69.79185085168916
29.314131783042864,59.588333862146605,69.86234767073127
29.45495600087639,59.58346845918556,69.93284448977337
29.5957803854637,59.578608354268454,70.0033413088155
29.736605007360776,59.57375534859376,70.0738381278576
29.877429936930973,59.56891124264022,70.1443349468997
30.018255245168444,59.564077859462394,70.21483176594182
30.159081004776226,59.559257077769146,70.28532858498393
30.299907294905957,59.554450978089925,70.35582540402604
30.44073423685004,59.54966290907588,70.42632222306815
30.581562230990873,59.54490453066908,70.49681904211026
30.722393214239258,59.540233798855446,70.56731586115237
30.863235571180663,59.53591712231653,70.63781268019449
31.004112704469208,59.532936577425325,70.70830949923659
31.145019119189453,59.53382329525379,70.7788063182787
31.28569856119739,59.541894760096596,70.84930313732082
31.4257455995513,59.55749727189044,70.91979995636292
31.56518165303013,59.57786732745693,70.99029677540503
31.70429312087225,59.60036007595443,71.06079359444715
31.84331130163109,59.62343200975526,71.13129041348925
31.982366500822042,59.64628797267909,71.20178723253136
32.12152573150709,59.668509355685714,71.27228405157348
32.26082414892919,59.68984823945465,71.34278087061558
32.4002829598974,59.71011977996579,71.41327768965769
32.539919670526835,59.72913461341599,71.48377450869981
32.67975489329922,59.74663718296614,71.55427132774192
32.8198170457739,59.76222695158816,71.62476814678402
32.960142022589196,59.77524660943497,71.69526496582614
33.100756186438424,59.78464626919486,71.76576178486825
33.241619461150705,59.78891589674689,71.83625860391035
33.382523383775016,59.78632711837517,71.90675542295247
33.52304864597782,59.775688080578,71.97725224199458
33.662753314286896,59.75716460217223,72.04774906103668
33.80145761071595,59.73223161438135,72.1182458800788
33.93928075044269,59.70281485245754,72.18874269912091
34.07646734754155,59.670559449552194,72.25923951816301
34.2132434952606,59.63660582091585,72.32973633720513
34.3497701767787,59.60166291668066,72.40023315624724
34.48614914596872,59.566148256361735,72.47072997528934
34.62244129367457,59.530302227039236,72.54122679433146
34.758682316785745,59.49426271399897,72.61172361337357
34.89489312415786,59.458109458103536,72.68222043241568
35.03108609803905,59.42188931713528,72.7527172514578
35.1672687043248,59.385630404677535,72.8232140704999
35.30344554138638,59.34934997895726,72.893710889542
35.43961950111483,59.31305886811457,72.96420770858413
35.57579243111477,59.27676397795602,73.03470452762623
35.71196551593468,59.24046972940714,73.10520134666834
35.848139497869646,59.204178888325046,73.17569816571046
35.98431480357811,59.16789303993078,73.24619498475256
36.120491612382814,59.1316128437869,73.31669180379467
36.256669884563046,59.095338138483925,73.38718862283679
36.392849356780204,59.05906792300021,73.4576854418789
36.52902950303354,59.02280020881596,73.528182260921
36.66520945014489,58.986531701704536,73.59867907996312
36.80138782332332,58.9502572220648,73.66917589900523
36.93756247470527,58.91396868881601,73.73967271804733
37.07373000672591,58.877653341221134,73.81016953708945
37.20988492542957,58.841290594759876,73.88066635613156
37.34601811305501,58.8048464093169,73.95116317517366
37.48211403015959,58.76826309008956,74.02165999421578
37.61814552182913,58.73144071104356,74.09215681325789
37.754064077287175,58.69420338978962,74.16265363229999
37.88978145732958,58.65623917759508,74.23315045134211
38.02513511214245,58.616997736691204,74.30364727038422
38.15982442221861,58.57553326204288,74.37414408942632
38.29330141997263,58.53031799750681,74.44464090846844
38.42462316801913,58.4791790838606,74.51513772751055
38.55239680705356,58.41972589797594,74.58563454655265
38.675168917620425,58.350528947824984,74.65613136559477
38.7923544056672,58.272238433989564,74.72662818463688
38.90474942562566,58.18720969625478,74.79712500367899
39.013926719447426,58.09808369005226,74.8676218227211
39.121379802246366,58.00688363890535,74.93811864176321
39.22817044143995,57.91490659723991,75.00861546080532
39.33495846172522,57.82292462088649,75.07911227984742
39.44213354859251,57.73139221404352,75.14960909888954
39.549929119825954,57.64058973900466,75.22010591793165
39.65850084463658,57.55071520251371,75.29060273697375
39.76798318883861,57.46195074656098,75.36109955601587
39.87854344430365,57.374531168267616,75.43159637505798
39.99045766011427,57.288850527006055,75.50209319410008
40.1042406857817,57.205666684661296,75.5725900131422
40.22083403834305,57.126469402201494,75.64308683218431
40.341594040652886,57.053783494912814,75.71358365122641
40.46726258781279,56.98995882456747,75.78408047026853
40.596581462168466,56.933898358223864,75.85457728931064
40.72755832831218,56.88182917672717,75.92507410835275
40.85906459632905,56.83111198956278,75.99557092739487
40.990704525875955,56.78074282699937,76.06606774643697
41.122373195144576,56.730448915394966,76.13656456547908
41.25404800656155,56.680171154875545,76.2070613845212
41.385724757240354,56.6298985335517,76.2775582035633
41.517402555943086,56.57962870943971,76.34805502260541
41.64908058005086,56.52935952218012,76.41855184164753
41.780753519670235,56.47907708074629,76.48904866068963
41.91238200293887,56.42867861125435,76.55954547973174
42.043756778231604,56.377623586700636,76.63004229877386
42.17425717972678,56.32437671502151,76.70053911781596
42.30330314784965,56.26770010851108,76.77103593685807
42.4310132940888,56.208076731092405,76.84153275590019
42.557662143594804,56.14623151956086,76.9120295749423
42.68340164313162,56.08255756166793,76.9825263939844
42.80830429807588,56.017256710210454,77.05302321302652
42.9324169995465,55.950465865105855,77.12352003206863
43.05579500752492,55.88232650427335,77.19401685111073
43.178535743624586,55.81304469949953,77.26451367015285
43.30083094877802,55.74297806067501,77.33501048919496
43.42304286948136,55.67276433435754,77.40550730823706
43.54573772966849,55.60339521311018,77.47600412727918
43.66947062669058,55.53589148182396,77.54650094632129
43.79435072691602,55.470530965165615,77.6169977653634
43.92003701449337,55.40673206588518,77.68749458440551
44.04614716329175,55.34377388396606,77.75799140344762
44.172448715304455,55.281199986435134,77.82848822248972
44.298830853224814,55.21878876436737,77.89898504153184
44.42524577903238,55.156443879208695,77.96948186057395
44.55167355272293,55.094125010146925,78.03997867961606
44.67810583036762,55.031815262584146,78.11047549865818
44.80453901961094,54.96950735916244,78.18097231770028
44.93097149260608,54.90719800182507,78.25146913674239
45.05740245494776,54.84488558129264,78.3219659557845
45.183831480310054,54.78256923423381,78.39246277482661
45.31025831450628,54.72024844622054,78.46295959386872
45.43668279117923,54.657922880889686,78.53345641291084
45.56310479591389,54.59559230726287,78.60395323195294
45.68952425354658,54.533256574145405,78.67445005099505
45.81594112943163,54.47091561296183,78.74494687003717
45.942355443048996,54.40856946591074,78.81544368907927
46.068767297106675,54.34621834613268,78.88594050812138
46.19517692969435,54.28386274576295,78.9564373271635
46.32158480282442,54.22150361989452,79.0269341462056
46.44799175086263,54.1591426958151,79.09743096524771
46.57439923544162,54.0967830048759,79.16792778428983
46.70080981531467,54.03442986168309,79.23842460333194
46.82722811592897,53.972092876214326,79.30892142237404
46.953663085556855,53.90979061096068,79.37941824141616
47.080133703850514,53.847562325573904,79.44991506045827
47.206683798821196,53.78549851294983,79.52041187950037
47.33341868314181,53.72381731378747,79.59090869854249
47.46058023847431,53.66302748786409,79.6614055175846
47.5886279246265,53.604137501470696,79.7319023366267
47.71813738375741,53.54855192151708,79.80239915566882
47.849502426748884,53.497534099244994,79.87289597471093
47.983055839254824,53.45261128906593,79.94339279375303
48.119516528261805,53.41762532978172,80.01388961279515
48.25948088966724,53.40215659995443,80.08438643183726
48.39861223307431,53.42330771972696,80.15488325087937
48.52479573887614,53.48548854592741,80.22538006992148
48.63872715533541,53.5680148182436,80.29587688896359
48.74960114776404,53.65466232499027,80.3663737080057
48.86235290451536,53.738915133247666,80.43687052704782
48.977547290408516,53.81984967437718,80.50736734608992
49.09273917937881,53.9008207468373,80.57786416513203
49.20491606143625,53.985939728395046,80.64836098417413
49.31687486551472,54.07138061670608,80.71885780321625
49.43149017311394,54.15326618742153,80.78935462225836
49.548495932516396,54.2317341127757,80.85985144130046
49.667203272905226,54.30763161236368,80.93034826034258
49.787142763331545,54.381589171514655,81.00084507938469
49.908024242708116,54.454015231248924,81.0713418984268
50.02967594633459,54.52515529557143,81.14183871746891
50.1520160594364,54.59511790359196,81.21233553651102
50.2750431604527,54.663876628994565,81.28283235555313
50.3988350806062,54.731258778307,81.35332917459525
50.523548755721656,54.79692849250646,81.42382599363735
50.64941373147272,54.86037243325813,81.49432281267946
50.776711148634284,54.92089956017912,81.56481963172158
50.90573110708858,54.97767106976716,81.63531645076368
51.03670812014785,55.029777939920976,81.70581326980579
51.16974902317142,55.07637337154773,81.77631008884791
51.30478381727262,55.11683920644296,81.84680690789001
51.44157025677736,55.150929428721994,81.91730372693212
51.57975604168474,55.1788232341059,81.98780054597424
51.71896640675047,55.20105934633877,82.05829736501634
51.85887427166509,55.21838687000304,82.12879418405845
51.99923164254841,55.23160204757047,82.19929100310057
52.13986811504128,55.2414256811696,82.26978782214267
52.280673462810576,55.2484393394833,82.34028464118478
52.421577859235036,55.253070672560376,82.4107814602269
52.56253593186031,55.25560842642592,82.481278279269
52.703515801310104,55.256230033027904,82.55177509831111
52.844492195680054,55.25503084718748,82.62227191735323
52.98544237474991,55.25204965905789,82.69276873639534
53.1263438438057,55.24728871930996,82.76326555543744
53.26717316393057,55.24072840147903,82.83376237447956
53.40790541874158,55.23233739576572,82.90425919352167
53.54851406511808,55.22207949591338,82.97475601256377
53.68897100087499,55.20991793648443,83.0452528316059
53.82924674800324,55.19581804337904,83.115749650648
53.96931069104832,55.179748762522316,83.1862464696901
54.10913133560859,55.16168346454887,83.25674328873222
54.24867656745275,55.141600295181405,83.32724010777433
54.387913901978315,55.11948224858986,83.39773692681644
54.526810719019565,55.09531707725198,83.46823374585856
54.66533448091353,55.069097109330116,83.53873056490066
54.80345293324359,55.040819017039986,83.60922738394277
54.941134288419896,55.010483562075144,83.67972420298489
55.07834739259103,54.97809533337475,83.75022102202699
55.21506187651783,54.94366248598053,83.8207178410691
55.35124829108655,54.90719648582634,83.89121466011122
55.486878228148626,54.86871186301568,83.96171147915332
55.62192442737138,54.828225974822786,84.03220829819543
55.756360869778064,54.78575877890686,84.10270511723755
55.89016285864886,54.7413326168176,84.17320193627965
56.023307088447794,54.6949720076514,84.24369875532176
56.155771702433036,54.6467034516093,84.31419557436388
56.287536339600045,54.59655524316064,84.38469239340598
56.41858217159788,54.544557293503935,84.45518921244809
56.54889193024924,54.490740962021,84.52568603149021
56.67844992629345,54.435138896433976,84.59618285053232
56.8072420599604,54.377784881391676,84.66667966957442
56.93525582397017,54.31871369522781,84.73717648861654
57.06248029953963,54.25796097464861,84.80767330765865
57.18890614596246,54.195563087119474,84.87817012670075
57.314525584312776,54.13155701072878,84.94866694574287
57.43933237580577,54.06598022131424,85.01916376478498
57.56332179533544,53.998870586649524,85.08966058382708
57.68649060073673,53.930266267572364,85.1601574028692
57.80883699867637,53.860205626576736,85.23065422191131
57.930360610771416,53.788727148872326,85.30115104095341
58.05106246114121,53.71586940918744,85.37164785999553
58.17094510929835,53.64167127778743,85.44214467903764
58.29001358647765,53.56617336945429,85.51264149807974
58.408280255024366,53.4894253716367,85.58313831712186
58.52578666494247,53.41151820591361,85.65363513616397
58.64269025265568,53.332709224751945,85.72413195520608
58.75956449766816,53.253856616902965,85.7946287742482
58.878266346375,53.177782933494505,85.8651255932903
59.00362148585645,53.11325832751394,85.9356224123324
59.14155540955675,53.08407567110865,86.00611923137453
59.27817793676477,53.118889857473604,86.07661605041663
59.39546924396634,53.19712598192454,86.14711286945874
59.4989073496698,53.292932421386865,86.21760968850084
59.59329858913117,53.397663825554055,86.28810650754296
59.680273206655166,53.50863140915786,86.35860332658507
59.760250733439214,53.62474335134492,86.42910014562717
59.83328635944206,53.7453425852159,86.4995969646693
59.899388195553314,53.8698773349073,86.5700937837114
59.95869176510884,53.99778900853415,86.6405906027535
60.0116326146725,54.12846208092803,86.71108742179563
60.05914006887782,54.26120561296966,86.78158424083773
60.103039549631376,54.39518143566211,86.85208105987984
60.14580348572357,54.52951534314782,86.92257787892196
60.185499149474786,54.664771436841455,86.99307469796406
60.213509809714196,54.80288992232812,87.06357151700617
60.2223043412602,54.94350442191826,87.13406833604829
60.216348547351615,55.084239662553095,87.20456515509039
60.204054987593246,55.22455214302297,87.2750619741325
60.189748032855114,55.36467020912452,87.34555879317462
60.174883436634104,55.50472927867249,87.41605561221672
60.15987707321789,55.64477298696657,87.48655243125883
60.14483968576753,55.78481330686122,87.55704925030095
60.129800048624844,55.924853372886155,87.62754606934305
60.11476581856618,56.06489402141036,87.69804288838516
60.09973925396296,56.20493549992412,87.76853970742728
60.0847211588247,56.34497789703413,87.83903652646939
60.06971186277877,56.48502124945062,87.90953334551149
60.0547114675044,56.62506556902864,87.98003016455361
60.03971991041215,56.76511084990683,88.05052698359572
60.024736979944144,56.905157070388334,88.12102380263782
60.009762315262805,57.04520419313751,88.19152062167994
59.994795398500955,57.18525216458637,88.26201744072205
59.979835541882586,57.32530091379847,88.33251425976415
59.96488187021962,57.465350350825496,88.40301107880627
59.9499332855187,57.605400363097544,88.47350789784838
59.93498817172337,57.745450784027135,88.54400471689048
59.92004090422707,57.88550102155999,88.6145015359326
59.905050175723275,58.02554668179098,88.68499835497471
59.88973347535397,58.16555724334975,88.75549517401681
59.87267801919717,58.305367355119586,88.82599199305893
59.849534892806055,58.44430197797559,88.89648881210104
59.81497293514018,58.58084965427448,88.96698563114315
59.76966783534577,58.71422308817958,89.03748245018527
59.71739038284936,58.84502273813678,89.10797926922737
59.66058097220049,58.973918204085024,89.17847608826948
59.60037778636698,59.10126215109335,89.2489729073116
59.53730079336406,59.22720492278176,89.3194697263537
59.471617413492325,59.35180532796415,89.38996654539581
59.40350772581961,59.47509292880129,89.46046336443793
59.33314956493553,59.59710767647919,89.53096018348003
59.26077907793875,59.71793555545494,89.60145700252214
59.18675195376168,59.837750733519854,89.67195382156426
59.11161795136683,59.95686893650504,89.74245064060636
59.036213854495394,60.0758086963482,89.81294745964847
58.961772084251876,60.19534306662439,89.88344427869059
58.89003308039838,60.31650557189778,89.9539410977327
58.82334119382026,60.44050078253378,90.0244379167748
58.76469645721126,60.568477648238094,90.09493473581692
58.71772203961172,60.70115896161368,90.16543155485903
58.68648249614851,60.83837429131937,90.23592837390113
58.67506446150391,60.97861250909891,90.30642519294325
58.686864936979866,61.11879896996883,90.37692201198536
58.72370061878848,61.25456079234929,90.44741883102746
58.78512512818315,61.3811103855645,90.51791565006958
58.8684352051866,61.49446719478213,90.58841246911169
58.96947805243186,61.59237191918855,90.6589092881538
59.083824867383456,61.674379431854234,90.72940610719591
59.207761725650926,61.74104911628769,90.79990292623802
59.338909719972605,61.79211604485362,90.87039974528012
59.47645455806972,61.821885210161554,90.94089656432224
59.61556940135555,61.8009774239072,91.01139338336435
59.668429893015215,61.67057640483006,91.08189020240646
59.628648907282624,61.535425077797896,91.15238702144858
59.57365547665449,61.405662514585366,91.22288384049068
59.52285688290806,61.274185835730144,91.29338065953279
59.483483154758446,61.13884254107668,91.3638774785749
59.45984826857685,60.99988122496406,91.43437429761701
59.45560710328852,60.858986142348876,91.50487111665912
59.47454441509665,60.719303105678684,91.57536793570124
59.52041937526199,60.58601336300989,91.64586475474334
59.59542167020948,60.466655697050776,91.71636157378545
59.697637893145064,60.369575316187394,91.78685839282755
59.820512337247976,60.30046783673624,91.85735521186967
59.95568854300039,60.260437571512604,91.92785203091178
60.0958584380138,60.24533094241217,91.99834884995389
60.236836121867356,60.24658798868146,92.068845668996
60.3774333947969,60.257025434074954,92.13934248803811
60.51747364500084,60.273316029456204,92.20983930708022
60.65688069519701,60.29434919459504,92.28033612612234
60.7955481997397,60.319806616589325,92.35083294516444
60.93335023785923,60.34959552237568,92.42132976420655
61.07015373501837,60.383677765001,92.49182658324867
61.20582349491444,60.422025161184415,92.56232340229077
61.34022361153981,60.46460945357211,92.63282022133288
61.473217036108025,60.511402248580545,92.703317040375
61.60466321444801,60.562379871142426,92.7738138594171
61.73441237560203,60.61753387334911,92.84431067845921
61.86229318229303,60.67689118907431,92.91480749750133
61.98808687875766,60.740552033981324,92.98530431654343
62.11147451518567,60.808758954332774,93.05580113558554
62.231935353754146,60.882010322562195,93.12629795462766
62.34858183821235,60.9611934852341,93.19679477366977
62.460018289010556,61.047553038667424,93.26729159271187
62.56462843379025,61.14206407226447,93.33778841175399
62.66175163118959,61.2442513364152,93.4082852307961
62.75270609067213,61.351964250043466,93.4787820498382
62.83996919027785,61.462687870304734,93.54927886888032
62.925683041066996,61.574614660622814,93.61977568792243
63.01115149216571,61.686728822569876,93.69027250696453
63.097060288348864,61.798505946445694,93.76076932600665
63.18377272760178,61.90966088981116,93.83126614504876
63.271498722902095,62.02001780420987,93.90176296409086
63.36036195942208,62.1294612071382,93.97225978313298
63.450419902109,62.23792380917295,94.04275660217509
63.54167148551772,62.345384278713965,94.1132534212172
63.63406714085124,62.451862816180366,94.18375024025931
63.72752336598492,62.55741184714922,94.25424705930142
63.821938695085215,62.662103931635876,94.32474387834353
63.91720744664855,62.76602009870815,94.39524069738565
64.01322933587687,62.869240807058105,94.46573751642775
64.10991484963705,62.97184021234914,94.53623433546986
64.20718730726884,63.07388334278913,94.60673115451198
64.30498278169124,63.17542534626962,94.67722797355408
64.4032488749879,63.27651197948929,94.74772479259619
64.50194303232196,63.37718070815899,94.81822161163831
64.60103079739787,63.47746201176535,94.88871843068041
64.70048421227922,63.577380665453965,94.95921524972252
64.80028044055007,63.676956891767624,95.02971206876464
64.90040062488474,63.776207346422865,95.10020888780674
65.00082895749003,63.87514594034863,95.17070570684885
65.10155192936895,63.9737845178761,95.24120252589097
65.2025577221533,64.07213341734827,95.31169934493307
65.30383570864217,64.17020194118616,95.38219616397518
65.40537603205705,64.26799876089208,95.4526929830173
65.50716923780261,64.3655322803805,95.5231898020594
65.60920593447064,64.46281097932972,95.59368662110151
65.71147646263738,64.55984375739403,95.66418344014363
65.81397055063057,64.65664030025496,95.73468025918574
65.91667693631844,64.7532114892167,95.80517707822784
66.0195829361652,64.84956987408596,95.87567389726996
66.12267396515986,64.94573020512087,95.94617071631207
66.22593314527397,65.04170987464505,96.01666753535417
66.32934179468523,65.13752840806234,96.0871643543963
66.43288433084544,65.23320216135215,96.1576611734384
66.5365709569398,65.32871964312439,96.2281579924805
66.64052106848493,65.42395019505958,96.29865481152262
66.74521943634504,65.51835731026434,96.36915163056473
66.85214270061259,65.61023663262554,96.43964844960684
66.96470778633342,65.69510941727435,96.51014526864896
67.08771523863268,65.76398112180624,96.58064208769106
67.22195604648783,65.80703321191838,96.65113890673317
67.3618762714748,65.82425064379373,96.72163572577529
67.50284835901446,65.82326814358454,96.79213254481739
67.64322213481108,65.81026145437811,96.8626293638595
67.78248357281798,65.78835236011861,96.93312618290162
67.92034053758924,65.7588746616063,97.00362300194372
68.05649833078303,65.72234788900694,97.07411982098583
68.19063779089574,65.67899601061619,97.14461664002795
68.32246401446949,65.62905393757403,97.21511345907005
68.45182557217169,65.57304087242989,97.28561027811216
68.57897294707028,65.51217387636802,97.35610709715426
68.70511619214692,65.44925986684805,97.42660391619638
68.83349952824548,65.39106826934369,97.49710073523849
68.96981998417588,65.35526709436385,97.5675975542806
69.10862130329289,65.37963737664363,97.63809437332272
69.21471355323341,65.47239093070253,97.70859119236482
69.28601702488943,65.59395162877853,97.77908801140693
69.33901150126471,65.72454451693352,97.84958483044905
69.38345492355674,65.858292730058,97.92008164949115
69.42396124915906,65.99328702904134,97.99057846853326
69.46266900958851,66.12880871097845,98.06107528757538
69.50056429282981,66.26456014468965,98.13157210661748
69.53809700487787,66.40041241124821,98.20206892565959
69.57546966795057,66.53630885584106,98.27256574470171
69.61277229301797,66.6722245687595,98.34306256374381
69.65004450054184,66.8081486378028,98.41355938278592
69.6873036389886,66.94407629502086,98.48405620182804
69.72455730638727,67.08000545422979,98.55455302087015
69.76180885490898,67.21593519547375,98.62504983991225
69.79905979065921,67.35186510556615,98.69554665895437
69.83631081671773,67.48779499171438,98.76604347799648
69.87356228790337,67.6237247567185,98.83654029703858
69.91081441126335,67.75965434397105,98.9070371160807
69.94806733651444,67.89558371265824,98.9775339351228
69.98532119861542,68.03151282609548,99.04803075416491
70.02257613936524,68.16744164581561,99.11852757320703
70.05983231992614,68.30337012814341,99.18902439224914
70.0970899322927,68.43929822105456,99.25952121129124
70.13434924794305,68.57522585084048,99.33001803033336
70.1716110889525,68.71115279301988,99.40051484937547
70.20888118586215,68.84707747814517,99.47101166841757
70.24620422607492,68.98298764993285,99.5415084874597
70.28388173735154,69.11880004562963,99.6120053065018
70.3235594291901,69.25404195280387,99.6825021255439
70.37175468913507,69.38648937682149,99.75299894458603
70.44154887112943,69.5089441716765,99.82349576362813
70.53498483600683,69.61448084259243,99.89399258267024
70.64162420209074,69.70666195450043,99.96448940171236
70.75557743222505,69.78963350255503,100.03498622075446
70.87476294300703,69.86489582737521,100.10548303979657
70.99832057859064,69.93274106298561,100.17597985883869
71.12570684002331,69.99309009515318,100.24647667788079
71.25641631716559,70.04585402384946,100.3169734969229
71.38988086430854,70.09119491065995,100.38747031596502
71.52540735168651,70.12992832820532,100.45796713500712
71.66208896949858,70.16433126685224,100.52846395404923
71.79870496439189,70.19891519669842,100.59896077309135
71.9343777219319,70.23694581371697,100.66945759213345
72.06932030720742,70.27745386038946,100.73995441117556
72.20363943124403,70.319971236117,100.81045123021768
72.33716181699738,70.364919219428,100.88094804925979
72.46993889154308,70.41201519256113,100.95144486830189
72.6022610110908,70.46036824092232,101.02194168734401
72.73441816062596,70.5091654799109,101.09243850638612
72.86660733676986,70.55787197472553,101.16293532542822
72.99894664931948,70.6061656909277,101.23343214447034
73.13150536998471,70.65385083063818,101.30392896351245
73.26432495839796,70.70080161644864,101.37442578255455
73.39743117356166,70.74693081265396,101.44492260159667
73.53084072052286,70.79217260897099,101.51541942063878
73.66456485748434,70.83647332277562,101.58591623968088
73.79861130992133,70.87978645257672,101.656413058723
73.93298520676251,70.92207030925385,101.72690987776511
74.06768943663806,70.9632872748472,101.79740669680722
74.20272467589955,71.00340409614246,101.86790351584933
74.33808927344688,71.0423927527754,101.93840033489144
74.47377913635695,71.08023149444028,102.00889715393355
74.60978771524813,71.11690571347222,102.07939397297567
74.74610612715391,71.15240846565769,102.14989079201777
74.88272337404855,71.18674071419181,102.22038761105988
75.01962651103975,71.21991181706942,102.290884430102
75.15680045894469,71.25194159684034,102.3613812491441
75.29422685258501,71.28286702326423,102.43187806818621
75.4318806584991,71.31276027457908,102.50237488722833
75.56972180233167,71.3417732246176,102.57287170627043
75.70767548018821,71.37024115205723,102.64336852531254
75.84558521622209,71.39891442406122,102.71386534435466
75.98309163684178,71.42945373568585,102.78436216339676
76.11927462998732,71.46542441103944,102.85485898243887
76.25147751477465,71.51400993549542,102.92535580148098
76.37176867746605,71.58726649768899,102.9958526205231
76.46245809167584,71.69502921284919,103.0663494395652
76.50967527775418,71.82774472912568,103.1368462586073
76.52112172399039,71.96816474064366,103.20734307764943
76.50924625228309,72.1085621910902,103.27783989669153
76.48157247321987,72.24672340405871,103.34833671573364
76.44212894043623,72.38199879251361,103.41883353477576
76.39290210125442,72.51403011740297,103.48933035381786
76.33477129344368,72.64239071548053,103.55982717285997
76.26817522263786,72.7665703185429,103.63032399190209
76.19343464888293,72.88602482829113,103.7008208109442
76.11085121206739,73.0001973499719,103.7713176299863
76.02068560743744,73.10848055539249,103.84181444902842
75.9230212459951,73.2100486652561,103.91231126807052
75.81741456453337,73.30332267167583,103.98280808711263
75.70217897092905,73.38437703680871,104.05330490615475
75.57418691780666,73.44318950907821,104.12380172519686
75.43488010030507,73.46373276059362,104.19429854423896
75.29518105762965,73.44630339054821,104.26479536328108
75.15930336774971,73.40950785284414,104.33529218232319
75.02540027609433,73.36608152275787,104.40578900136529
74.89210904878485,73.32081447376636,104.47628582040741
74.75896842630154,73.27510730749229,104.54678263944952
74.62585968696537,73.22930788695376,104.61727945849162
74.49275653610107,73.18349258674502,104.68777627753374
74.3596533880859,73.13767755897345,104.75827309657585
74.2265487618671,73.09186705730208,104.82876991561795
74.0934419971567,73.04606296914294,104.89926673466007
73.96033267299063,73.00026649958983,104.96976355370218
73.82722049732774,72.95447848809314,105.04026037274429
73.69410526996032,72.90869951290864,105.1107571917864
73.56098685799104,72.86292995984556,105.18125401082851
73.42786517575452,72.81717007886046,105.25175082987062
73.29474016800005,72.77142003179422,105.32224764891274
73.16161179587976,72.72567993241853,105.39274446795484
73.02848002533439,72.67994987983802,105.46324128699695
72.8953448174824,72.63422998628506,105.53373810603907
72.76220612065036,72.58852040028333,105.60423492508117
72.62906386372512,72.54282132605657,105.67473174412328
72.49591795055696,72.49713303993786,105.7452285631654
72.36276825519306,72.45145590440357,105.8157253822075
72.22961461777027,72.40579038022194,105.88622220124961
72.09645684094501,72.36013703707043,105.95671902029173
71.96329468678809,72.314496562838,106.02721583933383
71.83012787412187,72.26886977168708,106.09771265837594
71.69695607633042,72.2232576107994,106.16820947741806
71.56377891973023,72.17766116556777,106.23870629646017
71.4305959826521,72.13208166281427,106.30920311550227
71.29740679545577,72.0865204714098,106.37969993454439
71.16421084177911,72.04097909943306,106.4501967535865
71.03100756141406,71.99545918673317,106.5206935726286
70.89779635530329,71.94996249144312,106.59119039167072
70.76457659326144,71.9044908686272,106.66168721071283
70.6313476251408,71.85904623883485,106.73218402975493
70.49810879627519,71.81363054387883,106.80268084879705
70.36485946813477,71.76824568667583,106.87317766783916
70.23159904518421,71.72289345153048,106.94367448688126
70.09832700880101,71.67757540123127,107.01417130592338
69.96504295683395,71.63229275326414,107.08466812496549
69.83174661939735,71.5870463158738,107.1551649440076
69.69843753556151,71.54183736880897,107.22566176304971
69.56511176877726,71.4966768382587,107.29615858209182
69.43173938367227,71.45164822963328,107.36665540113393
69.29816364238816,71.40719051856335,107.43715222017605
69.16399904725456,71.3644039468879,107.50764903921815
69.02941420695178,71.32274200468156,107.57814585826026
68.89568443721275,71.27829677021045,107.64864267730238
68.76416540483457,71.22764694647171,107.71913949634448
68.6359409695905,71.16914472589585,107.78963631538659
68.51187132584549,71.10227619413962,107.86013313442871
68.39264985041656,71.02710071344245,107.93062995347081
68.278876767167,70.9439073343973,108.00112677251292
68.17121303446677,70.85294461007172,108.07162359155504
68.07081615447237,70.75401935739701,108.14212041059714
67.98073872481925,70.6456157915802,108.21261722963925
67.90980032287955,70.52383135210526,108.28311404868137
67.87244482303191,70.38794234973172,108.35361086772348
67.8633681832911,70.24730967464534,108.42410768676558
67.86480140717808,70.10639293113005,108.49460450580769
67.86868871390395,69.96552290059893,108.5651013248498
67.87301510919153,69.8246658540854,108.63559814389191
67.87740249340119,69.68381081988079,108.70609496293402
67.88179229190203,69.54295595742855,108.77659178197614
67.88617604215803,69.40210098059815,108.84708860101824
67.89055194783738,69.26124581503414,108.91758542006035
67.89491911650273,69.12039041808865,108.98808223910247
67.8992769047555,68.97953475814691,109.05857905814457
67.90362483967552,68.83867881180709,109.12907587718668
67.90796259585284,68.697822562721,109.1995726962288
67.91228997778518,68.5569660005907,109.2700695152709
67.91660690364566,68.41610912023422,109.34056633431301
67.92091339024206,68.27525192073611,109.41106315335513
67.92520953921021,68.13439440469271,109.48155997239724
67.92949552445356,67.9935365775536,109.55205679143934
67.93377158080817,67.85267844705508,109.62255361048146
67.93803799388691,67.71182002273864,109.69305042952357
67.9422950910402,67.57096131554513,109.76354724856567
67.94654323335986,67.43010233747583,109.83404406760779
67.95078280864675,67.28924310131102,109.9045408866499
67.95501422525956,67.14838362037784,109.975037705692
67.95923790676274,67.00752390835993,110.04553452473412
67.96345428729235,66.86666397914182,110.11603134377623
67.96766380756182,66.72580384668252,110.18652816281833
67.97186691143295,66.5849435249132,110.25702498186045
67.97606404298163,66.44408302765446,110.32752180090256
67.9802556439918,66.30322236854977,110.39801861994466
67.98444215181539,66.16236156101169,110.46851543898678
67.98862399754024,66.0215006181783,110.53901225802889
67.99280160441187,65.88063955287751,110.609509077071
67.99697538645843,65.73977837759726,110.68000589611312
68.00114574727195,65.59891710445964,110.75050271515522
68.00531307890193,65.45805574519788,110.82099953419733
68.0094777608203,65.31719431113413,110.89149635323945
68.01364015891944,65.17633281315742,110.96199317228155
68.0178006245078,65.03547126170012,111.03248999132366
68.02195949326997,64.89460966671224,111.10298681036578
68.02611708416111,64.75374803763218,111.17348362940788
68.03027369820823,64.61288638335328,111.24398044844999
68.03442961719476,64.47202471218523,111.31447726749211
68.03858510220864,64.33116303180961,111.38497408653421
68.04274039203965,64.19030134922905,111.45547090557632
68.04689570141839,64.0494396707098,111.52596772461844
68.05105121909796,63.90857800171773,111.59646454366055
68.05520710579049,63.76771634684828,111.66696136270265
68.05936349198566,63.626854709752024,111.73745818174477
68.06352047569135,63.48599309305781,111.80795500078688
68.06767812003065,63.3451314982934,111.87845181982898
68.07183644829165,63.2042699257358,111.9489486388711
68.07599540234975,63.0634083731961,112.0194454579132
68.08015441854043,62.92254682360464,112.08994227695531
68.08430904297457,62.7816851459176,112.16043909599743
68.08843059928554,62.64082250396296,112.23093591503954
68.09237571264286,62.49995484742543,112.30143273408164
68.09560778117108,62.35906917601637,112.37192955312376
68.096766947576,62.218151610617355,112.44242637216587
68.09402515553725,62.07725661085259,112.51292319120797
68.08676879744446,61.93652241385728,112.5834200102501
68.07589553909271,61.79602149848964,112.6539168292922
68.06256383710048,61.6557322751806,112.7244136483343
68.04758629402568,61.51560876309877,112.79491046737643
68.03144777970691,61.375613653771865,112.86540728641853
68.01443395670553,61.23572160355269,112.93590410546064
67.99672222252845,61.09591554917575,113.00640092450276
67.97843273755797,60.95618323265275,113.07689774354486
67.9596557732953,60.816514908613506,113.14739456258697
67.9404663810222,60.67690196842906,113.21789138162909
67.92093212413789,60.53733617836234,113.28838820067119
67.90111665908937,60.39780935174946,113.3588850197133
67.88108052352375,60.258313359082535,113.42938183875542
67.86087990974175,60.11884040827004,113.49987865779752
67.84056406502509,59.97938351696914,113.57037547683963
67.8201720110471,59.83993707430718,113.64087229588175
67.79972931191226,59.70049737761638,113.71136911492385
67.77924546795106,59.561063055952616,113.78186593396596
67.75871198130775,59.42163538010155,113.85236275300807
67.73809992620573,59.282218648586344,113.92285957205019
67.71735334393645,59.14282122752045,113.99335639109229
67.69636978271602,59.00345863116678,114.0638532101344
67.67495000729319,58.86416173088467,114.13435002917652
67.65268401166043,58.7249968150197,114.20484684821862
67.62872464198375,58.586112431151044,114.27534366726073
67.60141192678127,58.44784695314717,114.34584048630285
67.56784273172941,58.31096347535564,114.41633730534495
67.52389031965602,58.17704848316669,114.48683412438706
67.46568549824407,58.048678596367004,114.55733094342918
67.39270255798601,57.92808789283363,114.62782776247128
67.31000192463746,57.81393303319858,114.69832458151339
67.22737634255702,57.69971494855852,114.76882140055551
67.15238964187384,57.580335302489964,114.83931821959762
67.08191128260675,57.45823545791516,114.90981503863972
67.00949611643252,57.337272155887774,114.98031185768184
66.93184958180947,57.21959742527986,115.05080867672395
66.84813504400428,57.10615867048879,115.12130549576605
66.75846050220277,56.99736962140113,115.19180231480817
66.66310336392633,56.893525111487754,115.26229913385028
66.56230047262582,56.79495779384426,115.33279595289238
66.45614724933175,56.70217690693604,115.4032927719345
66.3444156616431,56.61619496287564,115.47378959097661
66.22623482886247,56.53931750550754,115.54428641001871
66.09992434555721,56.47668785639037,115.61478322906083
65.96470330539498,56.43678802848315,115.68528004810294
65.82430385064703,56.423955918126794,115.75577686714504
65.68350649487766,56.43122062678074,115.82627368618716
65.54369421472857,56.449364802552324,115.89677050522927
65.40478198427712,56.47344959622676,115.96726732427138
65.26679963933265,56.50238977254179,116.0377641433135
65.13060356447197,56.53882074502714,116.1082609623556
65.00012173132099,56.59221448436812,116.1787577813977
64.89052045028382,56.68089180250734,116.24925460043983
64.82633975497556,56.806418218043106,116.31975141948193
64.80315769529481,56.945482152391115,116.39024823852404
64.80722973772491,57.08640653684587,116.46074505756616
64.83236294640743,57.225131483124834,116.53124187660826
64.87572314934357,57.359281394520124,116.60173869565037
64.93516778391502,57.48711982425922,116.67223551469249
65.00852648102654,57.60751437874853,116.7427323337346
65.09352315700274,57.719994991552774,116.8132291527767
65.18784263714001,57.82478041917776,116.88372597181882
65.28934035227672,57.92262590129797,116.95422279086092
65.39663802791254,58.014065150962494,117.02471960990303
65.50857914048333,58.099747157150844,117.09521642894515
65.6230430740972,58.18202691754728,117.16571324798726
65.73876075891135,58.262536491185315,117.23621006702936
65.85527941350759,58.341885403469675,117.30670688607148
65.972391722314,58.42035806483715,117.37720370511359
66.08996512108737,58.49814036522856,117.44770052415569
66.20790292796484,58.575370873463484,117.51819734319781
66.32613147022367,58.652157180797516,117.58869416223992
66.44459322273592,58.7285846286552,117.65919098128202
66.56324234210595,58.804722135070854,117.72968780032414
66.68204157520621,58.88062633678089,117.80018461936625
66.80096005118412,58.956344618320934,117.87068143840835
66.91997166375906,59.03191737744062,117.94117825745047
67.03905385699842,59.10737975607714,118.01167507649258
67.1581866915969,59.18276299191147,118.08217189553469
67.27735210860949,59.25809549766429,118.1526687145768
67.39653333330861,59.333403743527995,118.22316553361891
67.51571437887814,59.40871299645817,118.29366235266102
67.63487962130105,59.4840479547722,118.36415917170314
67.75401342505569,59.55943330528792,118.43465599074524
67.87309980539004,59.634894221554276,118.50515280978735
67.99212211782918,59.71045681455547,118.57564962882947
68.11106276975728,59.78614854092026,118.64614644787157
68.22990295277364,59.86199856770327,118.71664326691368
68.3486223982776,59.93803808701515,118.7871400859558
68.46719916246401,60.01430056819589,118.8576369049979
68.58560945051576,60.0908219301632,118.92813372404001
68.70382749296799,60.167640612657266,118.99863054308213
68.82182548948072,60.24479752329342,119.06912736212423
68.93957363586875,60.32233583881581,119.13962418116634
69.05704024836798,60.40030064492302,119.21012100020846
69.17419199400169,60.47873841034877,119.28061781925057
69.29099422717978,60.55769630746118,119.35111463829267
69.40741142071289,60.63722141198616,119.42161145733478
69.52340766573813,60.71735983531884,119.4921082763769
69.63894720226746,60.79815585954275,119.562605095419
69.75399493354874,60.879651152577985,119.63310191446111
69.86851687632469,60.961884134965885,119.70359873350323
69.98248050705355,61.04488954993428,119.77409555254533
70.09585498035983,61.128698258010644,119.84459237158744
70.20861121682854,61.213337243631614,119.91508919062956
70.32072187744059,61.298829792400866,119.98558600967166
70.43216125634031,61.38519578066362,120.05608282871377
70.54290512919978,61.47245201658009,120.12657964775589
70.65293059122972,61.56061258187309,120.197076466798
70.76221590955768,61.64968914059385,120.2675732858401
70.8707404031281,61.73969119949881,120.33807010488222
70.97848435294088,61.83062631930417,120.40856692392433
71.08542893837762,61.922500285036506,120.47906374296643
71.19155619201348,62.01531724708306,120.54956056200855
71.29684896498617,62.10907984390729,120.62005738105066
71.40129089651901,62.20378931463525,120.69055420009276
71.50486638345232,62.29944560641819,120.76105101913488
71.60756054783435,62.39604747861477,120.83154783817699
71.70935920234484,62.493592603828226,120.9020446572191
71.81024881445204,62.592077664700916,120.97254147626121
71.9102164708036,62.691498444933636,121.04303829530332
72.00924984356104,62.79184991301991,121.11353511434542
72.10733716035887,62.89312629745152,121.18403193338754
72.20446717942889,62.995321152500864,121.25452875242965
72.3006291712639,63.098427414018396,121.32502557147176
72.395812908059,63.20243744495129,121.39552239051388
72.49000866208414,63.30734307047719,121.46601920955598
72.58320721411096,63.413135602764775,121.53651602859809
72.67539987303495,63.51980585543499,121.6070128476402
72.7665785079119,63.627344147799704,121.67750966668231
72.85673559387202,63.73574029882177,121.74800648572442
72.94586427415946,63.844983610184954,121.81850330476654
73.03395844291545,63.955062836124846,121.88900012380864
73.12101285960365,64.06596613313546,121.95949694285075
73.20702331964652,64.1776809731662,122.02999376189287
73.29198692480945,64.29019399196929,122.10049058093497
73.37590247557064,64.40349076418185,122.17098739997708
73.45877070413121,64.51755571907374,122.2414842190192
73.54059255050569,64.63237346378415,122.3119810380613
73.62135819198458,64.74793645033945,122.38247785710341
73.70100492102819,64.8642732359222,122.45297467614553
73.77930310053185,64.98152168150925,122.52347149518764
73.85568622783214,65.1000264526887,122.59396831422974
73.92934590787769,65.22024287928912,122.66446513327186
73.99993084050271,65.34228997408836,122.73496195231397
74.06791553420675,65.46580434889027,122.80545877135607
74.13403846004807,65.590325315863,122.87595559039819
74.19884808565482,65.7155348100947,122.9464524094403
74.26266161280734,65.84125485978494,123.0169492284824
74.32563437703135,65.96739811129108,123.08744604752452
74.38775860657313,66.09396137563566,123.15794286656663
74.44863761055859,66.22112825093605,123.22843968560873
74.50682953384096,66.34954688285268,123.29893650465085
74.55945115385629,66.48034661174444,123.36943332369296
74.60483202036318,66.61383116164414,123.43993014273507
74.64509708668048,66.74894671544726,123.51042696177718
74.68353433639386,66.88459331586326,123.58092378081929
74.72267516366128,67.02003828807773,123.6514205998614
74.76367250212388,67.15493263493406,123.72191741890352
74.80630238690645,67.28931975177035,123.79241423794562
74.85014982377126,67.42331437572805,123.86291105698773
74.89520944506305,67.55690609592513,123.93340787602985
74.94188260868859,67.68994254891649,124.00390469507195
74.99107963885967,67.82206637755928,124.07440151411406
75.04449252561977,67.95254282723614,124.14489833315618
75.10432621291726,68.08020246306816,124.21539515219828
75.17113501358399,68.20435427418693,124.28589197124039
75.2424409286648,68.32597904815167,124.35638879028251
75.3155249480861,68.44654379936635,124.42688560932461
75.38908697748722,68.56681750647661,124.49738242836672
75.46272247773473,68.68704624636598,124.56787924740884
75.536342071563,68.80728472267194,124.63837606645095
75.60993763023187,68.9275379067053,124.70887288549305
75.68351580879258,69.04780172030149,124.77936970453517
75.75708354443753,69.16807191686098,124.84986652357728
75.83064610345416,69.2883452742988,124.92036334261938
75.90420739663207,69.4086194005292,124.99086016166149
75.97777042900684,69.5288924576365,125.06135698070361
76.05133758504647,69.64916298712056,125.13185379974571
76.12491077183701,69.76942982218512,125.20235061878782
76.19849147154095,69.88969205562364,125.27284743782994
76.27208074376522,70.009949038423,125.34334425687204
76.34567920816573,70.13020039052374,125.41384107591415
76.41928702928406,70.25044601026481,125.48433789495627
76.49290391709161,70.37068607423987,125.55483471399837
76.56652914729464,70.49092102505026,125.62533153304048
76.64016159587214,70.61115155030666,125.6958283520826
76.71379977377862,70.73137856147214,125.7663251711247
76.78744184076744,70.85160318542677,125.83682199016681
76.86108557072686,70.97182678566246,125.90731880920893
76.93472823115647,71.09205103598781,125.97781562825104
77.00836631940372,71.21227808183102,126.04831244729314
77.0819950556599,71.33251085019809,126.11880926633526
77.15560744675992,71.45275362161243,126.18930608537737
77.2291925784072,71.57301307206919,126.25980290441947
77.30273258191619,71.69330011938177,126.3302997234616
77.37619781070829,71.81363284520172,126.4007965425037
77.44954203812927,71.93403935660126,126.4712933615458
77.52270901479889,72.05455365560677,126.54179018058792
77.59567238396697,72.17519133116869,126.61228699963003
77.66848111979067,72.29592239399035,126.68278381867214
77.7412204065264,72.4166953108861,126.75328063771425
77.81394679640573,72.53747599370332,126.82377745675636
77.88668449400126,72.65824986636052,126.89427427579847
77.9594439767057,72.77901061517206,126.96477109484059
78.03223274282786,72.899753714606,127.03526791388269
78.10505897111749,73.02047422114484,127.1057647329248
78.17793262237188,73.14116610483056,127.17626155196692
78.25086594836596,73.26182193478218,127.24675837100902
78.32387392808039,73.38243260438712,127.31725519005113
78.3969747211415,73.5029870402665,127.38775200909325
78.47019013554286,73.62347189450607,127.45824882813535
78.54354608451632,73.74387123251485,127.52874564717746
78.61707299389822,73.86416623666193,127.59924246621958
78.69080610726616,73.98433495434702,127.66973928526168
78.76478562184194,74.104352128526,127.74023610430379
78.83905657619434,74.22418915785615,127.81073292334591
78.91366840509522,74.34381424059849,127.88122974238802
78.98867408261813,74.46319275837087,127.95172656143012
79.06412879717243,74.5822879492453,128.02222338047224
79.14008814568943,74.70106190099182,128.09272019951433
79.21660589876555,74.81947686223829,128.16321701855645
79.29373146785177,74.93749682276872,128.23371383759857
79.37150728532342,75.05508925970133,128.30421065664066
79.44996636792332,75.17222689476995,128.37470747568278
79.52913035221584,75.2888892739097,128.4452042947249
79.60900825323725,75.40506397762842,128.515701113767
79.68959610540236,75.52074730647782,128.5861979328091
79.77087751644237,75.6359443564045,128.65669475185123
79.85282503176752,75.750668488383,128.72719157089332
79.93540210069526,75.86494028337411,128.79768838993544
80.01856537970471,75.9787861366421,128.86818520897756
80.10226710664412,76.09223667289213,128.93868202801966
80.18645732317411,76.2053251553142,129.00917884706178
80.27108579122543,76.31808602674475,129.0796756661039
80.35610352268458,76.43055367341469,129.150172485146
80.44146390488989,76.54276145388127,129.2206693041881
80.52712345020588,76.65474099634137,129.29116612323023
80.61304222491891,76.76652174024628,129.36166294227232
80.69918402497314,76.87813068203602,129.43215976131444
80.7855163754143,76.98959227197959,129.50265658035656
80.87201048438227,77.10092836291273,129.57315339939865
80.95864161233125,77.21215785120295,129.64365021844077
81.04539195545924,77.32329436567949,129.7141470374829
81.13226484950775,77.43433509207428,129.78464385652498
81.21933993755349,77.5452173192397,129.8551406755671
81.30692793132992,77.65569483694628,129.92563749460922
81.39574085232084,77.7651900818918,129.9961343136513
81.48642290382952,77.87314247063554,130.06663113269343
81.57874072227075,77.97969939029002,130.13712795173555
81.67208955036891,78.08535424660234,130.20762477077764
81.76606773711842,78.19044964606492,130.27812158981976
81.86047492858374,78.29515978055805,130.34861840886188
81.95520818840701,78.39957494083056,130.41911522790397
82.05019939074226,78.50375542380989,130.4896120469461
82.14537797701756,78.60776466810181,130.5601088659882
82.24063081757494,78.71170583474351,130.6306056850303
82.33572729332994,78.81578999070062,130.70110250407242
82.43019055784644,78.9204490570933,130.77159932311454
82.52333940626589,79.02627954995644,130.84209614215663
82.6150853046064,79.13332845361494,130.91259296119875
82.70613421289862,79.24097073796781,130.98308978024087
82.79696858066707,79.3487940955655,131.05358659928297
82.88773080032243,79.4566781714397,131.12408341832509
82.97844696467408,79.5646009576593,131.1945802373672
83.06911844811698,79.67256126684377,131.2650770564093
83.15974258752546,79.78056130241184,131.33557387545142
83.25031607993024,79.88860379822454,131.40607069449354
83.34083538362077,79.99669168022086,131.47656751353563
83.43129671443765,80.10482806816172,131.54706433257775
83.5216959955421,80.21301631609609,131.61756115161987
83.61202879920431,80.32126005908495,131.68805797066196
83.70229028330345,80.42956326382415,131.75855478970408
83.7924751220368,80.53793028346696,131.8290516087462
83.88257743016074,80.64636591706555,131.8995484277883
83.97259068018357,80.75487547393706,131.9700452468304
84.06250761210866,80.86346484307214,132.04054206587253
84.15232013560285,80.97214056742956,132.11103888491462
84.24201922487227,81.080909922574,132.18153570395674
84.33159480710664,81.18978099858224,132.25203252299886
84.42103564615145,81.29876278343401,132.32252934204095
84.51032922413447,81.40786524518151,132.39302616108307
84.59946162515787,81.51709940903262,132.4635229801252
84.68841742690007,81.62647742407826,132.53401979916728
84.77717960805697,81.73601261276818,132.6045166182094
84.86572948193127,81.84571949447563,132.67501343725152
84.95404666900333,81.95561377275193,132.7455102562936
85.04210912369942,82.06571227443452,132.81600707533573
85.1298932323495,82.17603282805109,132.88650389437785
85.21737399982149,82.28659406951263,132.95700071341994
85.30452534066211,82.39741516556809,133.02749753246206
85.39132048578686,82.50851545056526,133.09799435150418
85.47773250695876,82.61991398019056,133.16849117054628
85.56373494804214,82.73162901703505,133.2389879895884
85.6493025348023,82.8436774762235,133.30948480863051
85.73441191577804,82.95607437300393,133.3799816276726
85.81904236922243,83.068832324979,133.45047844671473
85.90317640074043,83.18196116552147,133.52097526575685
85.98680015938784,83.29546771774606,133.59147208479894
86.06990362206606,83.40935575742726,133.66196890384106
86.15248053894683,83.52362615872293,133.73246572288318
86.23452819173556,83.63827717348123,133.80296254192527
86.31604707830921,83.75330475391415,133.8734593609674
86.39704067936968,83.8687028049833,133.9439561800095
86.47751545916688,83.98446326329432,134.0144529990516
86.55748118473518,84.10057595293945,134.08494981809372
86.63695152189008,84.2170282578231,134.15544663713584
86.71594472165825,84.33380474432037,134.22594345617793
86.79448411434815,84.45088692315183,134.29644027522005
86.87259813884664,84.56825332035484,134.36693709426217
86.95031976120471,84.68587993509426,134.43743391330426
87.02768532472649,84.80374103810352,134.50793073234638
87.10473303782697,84.92181016525326,134.5784275513885
87.18150138652967,85.0400611200668,134.6489243704306
87.25802776931604,85.15846880211679,134.7194211894727
87.33434771542048,85.27700964308939,134.78991800851483
87.41049547072639,85.39566116307746,134.86041482755692
87.4865081349832,85.51439926689007,134.93091164659904
87.56243856569631,85.63318996702972,135.00140846564116
87.63838461707299,85.7519706709584,135.07190528468325
87.714527432094,85.87062532145244,135.14240210372537
87.7911101958083,85.9889964679506,135.2128989227675
87.86828002861971,86.10698569074877,135.28339574180958
87.94596833995539,86.22463413965268,135.3538925608517
88.02399412091984,86.34205901303068,135.42438937989382
88.10219762006322,86.45936557294718,135.49488619893592
88.1804764699631,86.57662183661274,135.56538301797804
88.25877300890417,86.69386626286244,135.63587983702016
88.33705696822122,86.81111906351309,135.70637665606225
88.41531364100547,86.92839005317163,135.77687347510437
88.4935351868708,87.04568445298455,135.8473702941465
88.57171189559077,87.16300872038677,135.91786711318858
88.64983126415024,87.28037115660413,135.9883639322307
88.72790733055947,87.39776239009667,136.05886075127282
88.80602160976703,87.51512819234772,136.1293575703149
88.88432120325008,87.63237044863128,136.19985438935703
88.96299169906708,87.74936416848547,136.27035120839915
89.04223255489045,87.86597237159403,136.34084802744124
89.12223122080263,87.9820620501091,136.41134484648336
89.2031420656919,88.09751789976647,136.48184166552548
89.28508564330718,88.21224317447891,136.55233848456757
89.36815724610598,88.32615440233931,136.6228353036097
89.45241425461312,88.43919171285607,136.6933321226518
89.53785186171956,88.55133941253335,136.7638289416939
89.6244022242971,88.66263063389283,136.83432576073602
89.7119588887287,88.77313193568446,136.90482257977814
89.80040499150516,88.88292263026365,136.97531939882023
89.88963190987013,88.9920797027346,137.04581621786235
89.97954742985011,89.10067024651869,137.11631303690447
90.07007716899217,89.2087492410102,137.18680985594656
90.16116279041853,89.31636014550382,137.25730667498868
90.25275916737415,89.42353660937563,137.3278034940308
90.34483153910277,89.53030440308716,137.3983003130729
90.43735304621923,89.63668318993756,137.46879713211501
90.53030271258228,89.74268803333813,137.53929395115713
90.62366380142063,89.84833066581443,137.60979077019923
90.71742241668434,89.95362060799799,137.68028758924135
90.81156618873388,90.0585662654045,137.75078440828347
90.90608284457248,90.16317617603,137.82128122732556
91.0009584118204,90.26746063816672,137.89177804636768
91.0961748324756,90.37143393318733,137.9622748654098
91.19170733568994,90.47511683463607,138.0327716844519
91.28752440203777,90.57853677098501,138.103268503494
91.38359750937053,90.68171885068067,138.17376532253613
91.47991970104039,90.78466839652828,138.24426214157822
91.57650316867986,90.88737281457222,138.31475896062034
91.67335133747687,90.98982761378261,138.38525577966246
91.77044573840807,91.09204904291646,138.45575259870455
91.86774978634213,91.19407087631036,138.52624941774667
91.96521303837555,91.29594057184549,138.5967462367888
92.0627721739881,91.39771838128513,138.66724305583088
92.16035037817254,91.49947783917452,138.737739874873
92.25785656560397,91.60130622827243,138.80823669391512
92.35518523647609,91.70330421680282,138.8787335129572
92.45221757656398,91.80558405484727,138.94923033199933
92.54882437610426,91.90826582041785,139.01972715104142
92.64487082243208,92.011471805062,139.09022397008354
92.74022052795421,92.11532171326893,139.16072078912566
92.83472699299892,92.21993945065522,139.23121760816775
92.92818657709996,92.32549332528934,139.30171442720987
93.02028764477843,92.43223449131227,139.372211246252
93.11081633812903,92.54031227002847,139.44270806529408
93.19992341705888,92.64956495125669,139.5132048843362
93.28789716710827,92.75973215129659,139.58370170337832
93.37497174866921,92.87061130218224,139.65419852242042
93.46132495195971,92.98205309150845,139.72469534146254
93.54710328661616,93.09393788707494,139.79519216050466
93.6324348926518,93.20616369387659,139.86568897954675
93.7174362312962,93.31863979732839,139.93618579858887
93.80221989200416,93.4312800254486,140.006682617631
93.88690911315987,93.54399123405103,140.07717943667308
93.97166291316569,93.65665385808273,140.1476762557152
94.05669848531875,93.76910393758561,140.21817307475732
94.14223440211455,93.88117389074756,140.2886698937994
94.22829459181845,93.99284175466225,140.35916671284153
94.31466519408461,94.1042697038246,140.42966353188365
94.40112157012408,94.21563111535254,140.50016035092574
94.48752824724575,94.32703109307853,140.57065716996786
94.57379334165056,94.43854074521415,140.64115398900998
94.65982159479996,94.55023322134357,140.71165080805207
94.74550694803405,94.66218897480502,140.7821476270942
94.83076507717892,94.7744704201674,140.8526444461363
94.91557778075038,94.887088702766,140.9231412651784
95.0,95.0,140.99363808422052
